Workbook

Sheet Dashboard
B1: District 6 County Health Dashboard
B2: Data Source: Rural Health Innovation Center (2018-2022)
B3: Select County: | C3: Population | D3: Median Household Income | E3: Disbility (%) | F3: Current Smokers(%) | G3: Adults with BMI > 30.0 (Obese) (%) | H3: Life Expectancy (Years)
B4: Glascock | C4: =_xlfn.XLOOKUP(Dashboard!B4,'Cleaned Data'!A5:A17,'Cleaned Data'!B5:B17) -> 2903 | D4: =_xlfn.XLOOKUP(Dashboard!B4,'Cleaned Data'!A5:A17,'Cleaned Data'!CP5:CP17) -> 60469 | E4: =_xlfn.XLOOKUP(Dashboard!C4,'Cleaned Data'!B5:B17,'Cleaned Data'!O5:O17) -> 0.1614 | F4: =_xlfn.XLOOKUP(Dashboard!B4,'Cleaned Data'!A5:A17,'Cleaned Data'!Y5:Y17) -> 0.208 | G4: =_xlfn.XLOOKUP(Dashboard!B4,'Cleaned Data'!A5:A17,'Cleaned Data'!AT5:AT17) -> 0.177 | H4: =_xlfn.XLOOKUP(Dashboard!B4,'Cleaned Data'!A5:A17,'Cleaned Data'!AV5:AV17) -> 73.71
B12: Demographics | E12: Health Outcomes | H12: Health Behaviors
B13: Indicator | C13: Value | E13: Indicator | F13: Value | H13: Indicator | I13: Value
B14: Population Density | C14: =_xlfn.XLOOKUP(Dashboard!B4,'Cleaned Data'!A5:A17,'Cleaned Data'!D5:D17) -> 20 | E14: Crude Death Rate (per 100,000) | F14: =_xlfn.XLOOKUP(Dashboard!B4,'Cleaned Data'!A5:A17, 'Cleaned Data'!AY5:AY17) -> 135.1 | H14: Poor Mental Health Days (Month) | I14: =_xlfn.XLOOKUP(Dashboard!B4,'Cleaned Data'!A5:A17, 'Cleaned Data'!BA5:BA17) -> 5.7
B15: Male (%) | C15: =_xlfn.XLOOKUP(Dashboard!B4,'Cleaned Data'!A5:A17, 'Cleaned Data'!J5:J17) -> 0.4568 | E15: Total HIV/AIDS Rate (per 100,000) | F15: =_xlfn.XLOOKUP(Dashboard!B4,'Cleaned Data'!A5:A17,'Cleaned Data'!AL5:AL17) -> 0 | H15: Excessive Drinking (%) | I15: =_xlfn.XLOOKUP(Dashboard!B4,'Cleaned Data'!A5:A17,'Cleaned Data'!AA5:AA17) -> 0.1592
B16: Female (%) | C16: =_xlfn.XLOOKUP(Dashboard!B4,'Cleaned Data'!A5:A17, 'Cleaned Data'!K5:K17) -> 0.5432 | E16: Chlamydie Rate (per 100,000) | F16: =_xlfn.XLOOKUP(Dashboard!B4,'Cleaned Data'!A5:A17,'Cleaned Data'!AD5:AD17) -> 306.23 | H16: Teen Birth Rate (15-19yrs) | I16: =_xlfn.XLOOKUP(Dashboard!B4,'Cleaned Data'!A5:A17,'Cleaned Data'!U5:U17) -> 0
B17: Median Age | C17: =_xlfn.XLOOKUP(Dashboard!B4,'Cleaned Data'!A5:A17,'Cleaned Data'!L5:L17) -> 43.2 | E17: Gonorrhea Rate (per 100,000) | F17: =_xlfn.XLOOKUP(Dashboard!B4,'Cleaned Data'!A5:A17,'Cleaned Data'!AG5:AG17) -> 137 | H17: Youth (16–19) Not in School/Work (%) | I17: =_xlfn.XLOOKUP(Dashboard!B4,'Cleaned Data'!A5:A17,'Cleaned Data'!BH5:BH17) -> 0.027

Sheet County Comparisons
A2: Demographics
A38: Health Behaviors
A89: Health Outcomes
A124: Healthcare Workforce

Sheet County Snapshots
A1: County: | C1: Burke | F1: County: | H1: Columbia | K1: County: | M1: Emanuel | P1: County: | R1: Glascock | U1: County: | W1: Jefferson | Z1: County: | AB1: Jenkins | AE1: County: | AG1: Lincoln | AJ1: County: | AL1: McDuffie | AO1: County: | AQ1: Richmond | AT1: County: | AV1: Screven | AY1: County: | BA1: Taliferro | BD1: County: | BF1: Warren | BI1: County: | BK1: Wilkes | BN1: County: | BP1: Georgia | BS1: County: | BU1: United States
A2: Category | B2: Data Sources | F2: Category | G2: Data Sources | K2: Category | L2: Data Sources | P2: Category | Q2: Data Sources | U2: Category | V2: Data Sources | Z2: Category | AA2: Data Sources | AE2: Category | AF2: Data Sources | AJ2: Category | AK2: Data Sources | AO2: Category | AP2: Data Sources | AT2: Category | AU2: Data Sources | AY2: Category | AZ2: Data Sources | BD2: Category | BE2: Data Sources | BI2: Category | BJ2: Data Sources | BN2: Category | BO2: Data Sources | BS2: Category | BT2: Data Sources
A3: Demographics | B3: County Health Rankings | C3: Gerogia Rural Health Innovation Center (5yr Average) | E3: ` | F3: Demographics | G3: County Health Rankings | H3: Gerogia Rural Health Innovation Center (5yr Average) | K3: Demographics | L3: County Health Rankings | M3: Gerogia Rural Health Innovation Center (5yr Average) | P3: Demographics | Q3: County Health Rankings | R3: Gerogia Rural Health Innovation Center (5yr Average) | U3: Demographics | V3: County Health Rankings | W3: Gerogia Rural Health Innovation Center (5yr Average) | Z3: Demographics | AA3: County Health Rankings | AB3: Gerogia Rural Health Innovation Center (5yr Average) | AE3: Demographics | AF3: County Health Rankings | AG3: Gerogia Rural Health Innovation Center (5yr Average) | AJ3: Demographics | AK3: County Health Rankings | AL3: Gerogia Rural Health Innovation Center (5yr Average) | AO3: Demographics | AP3: County Health Rankings | AQ3: Gerogia Rural Health Innovation Center (5yr Average) | AT3: Demographics | AU3: County Health Rankings | AV3: Gerogia Rural Health Innovation Center (5yr Average) | AY3: Demographics | AZ3: County Health Rankings | BA3: Gerogia Rural Health Innovation Center (5yr Average) | BD3: Demographics | BE3: County Health Rankings | BF3: Gerogia Rural Health Innovation Center (5yr Average) | BI3: Demographics | BJ3: County Health Rankings | BK3: Gerogia Rural Health Innovation Center (5yr Average) | BN3: Demographics | BO3: County Health Rankings | BP3: Gerogia Rural Health Innovation Center (5yr Average) | BS3: Demographics | BT3: County Health Rankings | BU3: Gerogia Rural Health Innovation Center (5yr Average)
A4: Population | B4: 24388 | C4: ='Cleaned Data'!B5 -> 24337 | F4: Population | G4: 162419 | H4: ='Cleaned Data'!B6 -> 156921 | K4: Population | L4: 22929 | M4: ='Cleaned Data'!B7 -> 22907 | P4: Population | Q4: 2939 | R4: ='Cleaned Data'!B8 -> 2903 | U4: Population | V4: 15314 | W4: ='Cleaned Data'!B9 -> 15591 | Z4: Population | AA4: 8689 | AB4: ='Cleaned Data'!B10 -> 8704 | AE4: Population | AF4: 7841 | AG4: ='Cleaned Data'!B11 -> 7726 | AJ4: Population | AK4: 21713 | AL4: ='Cleaned Data'!B12 -> 21715 | AO4: Population | AP4: 206640 | AQ4: ='Cleaned Data'!B13 -> 206153 | AT4: Population | AU4: 13977 | AV4: ='Cleaned Data'!B14 -> 14026 | AY4: Population | AZ4: 1600 | BA4: ='Cleaned Data'!B15 -> 1635 | BD4: Population | BE4: 5155 | BF4: ='Cleaned Data'!B16 -> 5197 | BI4: Population | BJ4: 9599 | BK4: ='Cleaned Data'!B17 -> 9610 | BN4: Population | BO4: 10912876 | BP4: ='Cleaned Data'!B18 -> 10722325 | BS4: Population | BT4: - | BU4: 331097493
A5: % Male | B5: 0.479 | C5: ='Cleaned Data'!J5 -> 0.4908 | F5: % Male | G5: 0.49 | H5: ='Cleaned Data'!J6 -> 0.4903 | K5: % Male | L5: 0.506 | M5: ='Cleaned Data'!J7 -> 0.5073 | P5: % Male | Q5: 0.502 | R5: ='Cleaned Data'!J8 -> 0.4568 | U5: % Male | V5: 0.488 | W5: ='Cleaned Data'!J9 -> 0.4863 | Z5: % Male | AA5: 0.532 | AB5: ='Cleaned Data'!J10 -> 0.5006 | AE5: % Male | AF5: 0.48 | AG5: ='Cleaned Data'!J11 -> 0.4911 | AJ5: % Male | AK5: 0.472 | AL5: ='Cleaned Data'!J12 -> 0.4839 | AO5: % Male | AP5: 0.485 | AQ5: ='Cleaned Data'!J13 -> 0.4841 | AT5: % Male | AU5: 0.491 | AV5: ='Cleaned Data'!J14 -> 0.4807 | AY5: % Male | AZ5: 0.511 | BA5: ='Cleaned Data'!J15 -> 0.4489 | BD5: % Male | BE5: 0.478 | BF5: ='Cleaned Data'!J16 -> 0.4628 | BI5: % Male | BJ5: 0.475 | BK5: ='Cleaned Data'!J17 -> 0.5148 | BN5: % Male | BO5: 0.488 | BP5: ='Cleaned Data'!J18 -> 0.4891 | BS5: % Male | BT5: - | BU5: 0.5
A6: % Female | B6: 0.521 | C6: ='Cleaned Data'!K5 -> 0.5092 | F6: % Female | G6: 0.51 | H6: ='Cleaned Data'!K6 -> 0.5097 | K6: % Female | L6: 0.494 | M6: ='Cleaned Data'!K7 -> 0.4927 | P6: % Female | Q6: 0.498 | R6: ='Cleaned Data'!K8 -> 0.5432 | U6: % Female | V6: 0.512 | W6: ='Cleaned Data'!K9 -> 0.5137 | Z6: % Female | AA6: 0.468 | AB6: ='Cleaned Data'!K10 -> 0.4994 | AE6: % Female | AF6: 0.52 | AG6: ='Cleaned Data'!K11 -> 0.5089 | AJ6: % Female | AK6: 0.528 | AL6: ='Cleaned Data'!K12 -> 0.5161 | AO6: % Female | AP6: 0.515 | AQ6: ='Cleaned Data'!K13 -> 0.5159 | AT6: % Female | AU6: 0.509 | AV6: ='Cleaned Data'!K14 -> 0.5193 | AY6: % Female | AZ6: 0.489 | BA6: ='Cleaned Data'!K15 -> 0.5511 | BD6: % Female | BE6: 0.522 | BF6: ='Cleaned Data'!K16 -> 0.5372 | BI6: % Female | BJ6: 0.525 | BK6: ='Cleaned Data'!K17 -> 0.4852 | BN6: % Female | BO6: 0.512 | BP6: ='Cleaned Data'!K18 -> 0.5109 | BS6: % Female | BT6: - | BU6: 0.5
A7: % Living in Rural Area | B7: 0.752 | C7: - | F7: % Living in Rural Area | G7: 0.149 | H7: - | K7: % Living in Rural Area | L7: 0.682 | M7: - | P7: % Living in Rural Area | Q7: 1 | R7: - | U7: % Living in Rural Area | V7: 1 | W7: - | Z7: % Living in Rural Area | AA7: 1 | AB7: - | AE7: % Living in Rural Area | AF7: 1 | AG7: - | AJ7: % Living in Rural Area | AK7: 0.594 | AL7: - | AO7: % Living in Rural Area | AP7: 0.083 | AQ7: - | AT7: % Living in Rural Area | AU7: 1 | AV7: - | AY7: % Living in Rural Area | AZ7: 1 | BA7: - | BD7: % Living in Rural Area | BE7: 1 | BF7: - | BI7: % Living in Rural Area | BJ7: 1 | BK7: - | BN7: % Living in Rural Area | BO7: 0.259 | BP7: - | BS7: % Living in Rural Area | BT7: 0.2 | BU7: -
A8: White | B8: 11795 | C8: ='Cleaned Data'!CG5 -> 12127 | F8: White | G8: 104867 | H8: ='Cleaned Data'!CG6 -> 108715 | K8: White | L8: 13392 | M8: ='Cleaned Data'!CG7 -> 13861 | P8: White | Q8: 2555 | R8: ='Cleaned Data'!CG8 -> 2565 | U8: White | V8: 6481 | W8: ='Cleaned Data'!CG9 -> 6737 | Z8: White | AA8: 4342 | AB8: ='Cleaned Data'!CG10 -> 4985 | AE8: White | AF8: 5418 | AG8: ='Cleaned Data'!CG11 -> 5302 | AJ8: White | AK8: 11514 | AL8: ='Cleaned Data'!CG12 -> 11864 | AO8: White | AP8: 66521 | AQ8: ='Cleaned Data'!CG13 -> 71015 | AT8: White | AU8: 7758 | AV8: ='Cleaned Data'!CG14 -> 7938 | AY8: White | AZ8: 597 | BA8: ='Cleaned Data'!CG15 -> 599 | BD8: White | BE8: 2053 | BF8: ='Cleaned Data'!CG16 -> 1995 | BI8: White | BJ8: 4953 | BK8: ='Cleaned Data'!CG17 -> 5126 | BN8: White | BO8: 5500388 | BP8: ='Cleaned Data'!CG18 -> 5820019 | BS8: White | BT8: - | BU8: 218123424
A9: Black | B9: 11011 | C9: ='Cleaned Data'!CH5 -> 11095 | F9: Black | G9: 31936 | H9: ='Cleaned Data'!CH6 -> 26560 | K9: Black | L9: 7889 | M9: ='Cleaned Data'!CG8 -> 2565 | P9: Black | Q9: 248 | R9: 307 | U9: Black | V9: 7843 | W9: 8138 | Z9: Black | AA9: 3483 | AB9: 3036 | AE9: Black | AF9: 2035 | AG9: 2175 | AJ9: Black | AK9: 8772 | AL9: 8938 | AO9: Black | AP9: 119137 | AQ9: 115235 | AT9: Black | AU9: 5483 | AV9: 5629 | AY9: Black | AZ9: 829 | BA9: 822 | BD9: Black | BE9: 2862 | BF9: 3104 | BI9: Black | BJ9: 3721 | BK9: 3869 | BN9: Black | BO9: 3502283 | BP9: 3373948 | BS9: Black | BT9: - | BU9: 41288572
A10: Multiracial | B10: - | C10: ='Cleaned Data'!CM5 -> 670 | F10: Multiracial | G10: - | H10: 10399 | K10: Multiracial | L10: - | M10: 1220 | P10: Multiracial | Q10: - | R10: 29 | U10: Multiracial | V10: - | W10: 236 | Z10: Multiracial | AA10: - | AB10: 380 | AE10: Multiracial | AF10: - | AG10: 158 | AJ10: Multiracial | AK10: - | AL10: 605 | AO10: Multiracial | AP10: - | AQ10: 11937 | AT10: Multiracial | AU10: - | AV10: 352 | AY10: Multiracial | AZ10: - | BA10: 92 | BD10: Multiracial | BE10: - | BF10: 74 | BI10: Multiracial | BJ10: - | BK10: 323 | BN10: Multiracial | BO10: - | BP10: 638881 | BS10: Multiracial | BT10: - | BU10: 29142780
A11: Teen Birth Rate | B11: 28.5 | C11: ='Cleaned Data'!U5 -> 0 | F11: Teen Birth Rate | G11: 9.2 | H11: 2.41 | K11: Teen Birth Rate | L11: 37.8 | M11: 46.69 | P11: Teen Birth Rate | Q11: 33.7 | R11: 0 | U11: Teen Birth Rate | V11: 30.2 | W11: 20.13 | Z11: Teen Birth Rate | AA11: 30.8 | AB11: 0 | AE11: Teen Birth Rate | AF11: 13.9 | AG11: 0 | AJ11: Teen Birth Rate | AK11: 35.1 | AL11: 0 | AO11: Teen Birth Rate | AP11: 32 | AQ11: 27.9 | AT11: Teen Birth Rate | AU11: 43.8 | AV11: 0 | AY11: Teen Birth Rate | AZ11: 0 | BA11: 0 | BD11: Teen Birth Rate | BE11: 28.8 | BF11: 0 | BI11: Teen Birth Rate | BJ11: 26.6 | BK11: 0 | BN11: Teen Birth Rate | BO11: 19.6 | BP11: 12.67 | BS11: Teen Birth Rate | BT11: - | BU11: 9.63
A13: Health Behaviors | F13: Health Behaviors | K13: Health Behaviors | P13: Health Behaviors | U13: Health Behaviors | Z13: Health Behaviors | AE13: Health Behaviors | AJ13: Health Behaviors | AO13: Health Behaviors | AT13: Health Behaviors | AY13: Health Behaviors | BD13: Health Behaviors | BI13: Health Behaviors | BN13: Health Behaviors | BS13: Health Behaviors
A14: % Current Smokers | B14: 0.198 | C14: ='Cleaned Data'!Y5 -> 0.198 | F14: % Current Smokers | G14: 0.126 | H14: 0.198 | K14: % Current Smokers | L14: 0.236 | M14: 0.236 | P14: % Current Smokers | Q14: 0.208 | R14: 0.208 | U14: % Current Smokers | V14: 0.225 | W14: 0.225 | Z14: % Current Smokers | AA14: 0.256 | AB14: 0.256 | AE14: % Current Smokers | AF14: 0.214 | AG14: 0.214 | AJ14: % Current Smokers | AK14: 0.208 | AL14: 0.21 | AO14: % Current Smokers | AP14: 0.196 | AQ14: 0.196 | AT14: % Current Smokers | AU14: 0.199 | AV14: 0.1563 | AY14: % Current Smokers | AZ14: 0.222 | BA14: 0.222 | BD14: % Current Smokers | BE14: 0.238 | BF14: 0.238 | BI14: % Current Smokers | BJ14: 0.217 | BK14: 0.217 | BN14: % Current Smokers | BO14: 0.156 | BP14: 0.16 | BS14: % Current Smokers | BT14: 0.15 | BU14: 0.14
A15: % Adults w/ Excessive Drinking | B15: 0.143 | C15: ='Cleaned Data'!AA5 -> 0.1426 | F15: % Adults w/ Excessive Drinking | G15: 0.165 | H15: 0.1426 | K15: % Adults w/ Excessive Drinking | L15: 0.147 | M15: 0.1469 | P15: % Adults w/ Excessive Drinking | Q15: 0.159 | R15: 0.159 | U15: % Adults w/ Excessive Drinking | V15: 0.134 | W15: 0.1339 | Z15: % Adults w/ Excessive Drinking | AA15: 0.135 | AB15: 0.1353 | AE15: % Adults w/ Excessive Drinking | AF15: 0.137 | AG15: 0.1368 | AJ15: % Adults w/ Excessive Drinking | AK15: 0.139 | AL15: 0.14 | AO15: % Adults w/ Excessive Drinking | AP15: 0.156 | AQ15: 0.1563 | AT15: % Adults w/ Excessive Drinking | AU15: 0.145 | AV15: 0.1452 | AY15: % Adults w/ Excessive Drinking | AZ15: 0.117 | BA15: 0.1166 | BD15: % Adults w/ Excessive Drinking | BE15: 0.122 | BF15: 0.1216 | BI15: % Adults w/ Excessive Drinking | BJ15: 0.13 | BK15: 0.1299 | BN15: % Adults w/ Excessive Drinking | BO15: 0.166 | BP15: 0.17 | BS15: % Adults w/ Excessive Drinking | BT15: 0.18 | BU15: 0.18
A16: HIV/AIDS Prevalence | B16: 513 | C16: ='Cleaned Data'!AL5 -> <10 | F16: HIV/AIDS Prevalence | G16: 327 | H16: 7.4 | K16: HIV/AIDS Prevalence | L16: 327 | M16: >10 | P16: HIV/AIDS Prevalence | Q16: 279 | R16: >10 | U16: HIV/AIDS Prevalence | V16: 370 | W16: >10 | Z16: HIV/AIDS Prevalence | AA16: 391 | AB16: >10 | AE16: HIV/AIDS Prevalence | AF16: 298 | AG16: >10 | AJ16: HIV/AIDS Prevalence | AK16: 291 | AL16: >10 | AO16: HIV/AIDS Prevalence | AP16: 897 | AQ16: 40.4 | AT16: HIV/AIDS Prevalence | AU16: 323 | AV16: <10 | AY16: HIV/AIDS Prevalence | AZ16: 510 | BA16: 0 | BD16: HIV/AIDS Prevalence | BE16: 424 | BF16: 0 | BI16: HIV/AIDS Prevalence | BJ16: 331 | BK16: <10 | BN16: HIV/AIDS Prevalence | BO16: 657 | BP16: 27.4 | BS16: HIV/AIDS Prevalence | BT16: - | BU16: 13.3
A17: Chlamydia Incidence Rate | B17: 691.1 | C17: 692.96 | F17: Chlamydia Incidence Rate | G17: 317.6 | H17: 387.89 | K17: Chlamydia Incidence Rate | L17: 717.6 | M17: 937.68 | P17: Chlamydia Incidence Rate | Q17: 274.1 | R17: 306.23 | U17: Chlamydia Incidence Rate | V17: 657 | W17: 901.14 | Z17: Chlamydia Incidence Rate | AA17: 439.9 | AB17: 448.84 | AE17: Chlamydia Incidence Rate | AF17: 296.8 | AG17: 267.82 | AJ17: Chlamydia Incidence Rate | AK17: 799.7 | AL17: 907.29 | AO17: Chlamydia Incidence Rate | AP17: 1096.4 | AQ17: 1142.57 | AT17: Chlamydia Incidence Rate | AU17: 577.7 | AV17: 701.15 | AY17: Chlamydia Incidence Rate | AZ17: 577.7 | BA17: 625 | BD17: Chlamydia Incidence Rate | BE17: 763.4 | BF17: 969.93 | BI17: Chlamydia Incidence Rate | BJ17: 662.3 | BK17: 718.82 | BN17: Chlamydia Incidence Rate | BO17: 629.1 | BP17: 665.84 | BS17: Chlamydia Incidence Rate | BT17: - | BU17: 495
A18: % of Adults w/ Obesity | B18: 0.398 | C18: ='Cleaned Data'!AT5 -> 0.3 | F18: % of Adults w/ Obesity | G18: 0.344 | H18: 0.333 | K18: % of Adults w/ Obesity | L18: 0.413 | M18: 0.293 | P18: % of Adults w/ Obesity | Q18: 0.352 | R18: 0.177 | U18: % of Adults w/ Obesity | V18: 0.436 | W18: 0.244 | Z18: % of Adults w/ Obesity | AA18: 0.434 | AB18: 0.213 | AE18: % of Adults w/ Obesity | AF18: 0.386 | AG18: 0.195 | AJ18: % of Adults w/ Obesity | AK18: 0.394 | AL18: 0.27 | AO18: % of Adults w/ Obesity | AP18: 0.407 | AQ18: 0.381 | AT18: % of Adults w/ Obesity | AU18: 0.389 | AV18: 0.248 | AY18: % of Adults w/ Obesity | AZ18: 0.419 | BA18: 0.17 | BD18: % of Adults w/ Obesity | BE18: 0.431 | BF18: 0.205 | BI18: % of Adults w/ Obesity | BJ18: 0.418 | BK18: 0.193 | BN18: % of Adults w/ Obesity | BO18: 0.342 | BP18: 0.297 | BS18: % of Adults w/ Obesity | BT18: 0.34 | BU18: 0.3
A21: Health Outcomes | F21: Health Outcomes | K21: Health Outcomes | P21: Health Outcomes | U21: Health Outcomes | Z21: Health Outcomes | AE21: Health Outcomes | AJ21: Health Outcomes | AO21: Health Outcomes | AT21: Health Outcomes | AY21: Health Outcomes | BD21: Health Outcomes | BI21: Health Outcomes | BN21: Health Outcomes | BS21: Health Outcomes
A22: 5 Year Total Deaths: Heart Disease | B22: - | C22: ='Cleaned Data'!AX5 -> 126 | F22: 5 Year Total Deaths: Heart Disease | G22: - | H22: 396 | K22: 5 Year Total Deaths: Heart Disease | L22: - | M22: 152 | P22: 5 Year Total Deaths: Heart Disease | Q22: - | R22: 20 | U22: 5 Year Total Deaths: Heart Disease | V22: - | W22: 102 | Z22: 5 Year Total Deaths: Heart Disease | AA22: - | AB22: 31 | AE22: 5 Year Total Deaths: Heart Disease | AF22: - | AG22: 42 | AJ22: 5 Year Total Deaths: Heart Disease | AK22: - | AL22: 126 | AO22: 5 Year Total Deaths: Heart Disease | AP22: - | AQ22: 976 | AT22: 5 Year Total Deaths: Heart Disease | AU22: - | AV22: 85 | AY22: 5 Year Total Deaths: Heart Disease | AZ22: - | BA22: No data | BD22: 5 Year Total Deaths: Heart Disease | BE22: - | BF22: 45 | BI22: 5 Year Total Deaths: Heart Disease | BJ22: - | BK22: 54 | BN22: 5 Year Total Deaths: Heart Disease | BO22: - | BP22: 40886 | BS22: 5 Year Total Deaths: Heart Disease | BT22: - | BU22: 1856446
A23: Average Poor Mental Health Days/Month | B23: 5.2 | C23: ='Cleaned Data'!BA5 -> 5.2 | F23: Average Poor Mental Health Days/Month | G23: 4.8 | H23: 4.8 | K23: Average Poor Mental Health Days/Month | L23: 5.6 | M23: 5.6 | P23: Average Poor Mental Health Days/Month | Q23: 5.7 | R23: 5.7 | U23: Average Poor Mental Health Days/Month | V23: 5.7 | W23: 5.7 | Z23: Average Poor Mental Health Days/Month | AA23: 5.8 | AB23: 5.8 | AE23: Average Poor Mental Health Days/Month | AF23: 5.7 | AG23: 5.7 | AJ23: Average Poor Mental Health Days/Month | AK23: 5.5 | AL23: 5.5 | AO23: Average Poor Mental Health Days/Month | AP23: 5.6 | AQ23: 5.6 | AT23: Average Poor Mental Health Days/Month | AU23: 5.4 | AV23: 5.4 | AY23: Average Poor Mental Health Days/Month | AZ23: 5.5 | BA23: 5.5 | BD23: Average Poor Mental Health Days/Month | BE23: 5.8 | BF23: 5.8 | BI23: Average Poor Mental Health Days/Month | BJ23: 5.6 | BK23: 5.6 | BN23: Average Poor Mental Health Days/Month | BO23: 4.8 | BP23: 4.8 | BS23: Average Poor Mental Health Days/Month | BT23: 4.8 | BU23: 4.9
A24: Premature Age-Adjusted Mortality Rate | B24: 568.1 | C24: - | F24: Premature Age-Adjusted Mortality Rate | G24: 318.1 | H24: - | K24: Premature Age-Adjusted Mortality Rate | L24: 705.8 | M24: - | P24: Premature Age-Adjusted Mortality Rate | Q24: 606.6 | R24: - | U24: Premature Age-Adjusted Mortality Rate | V24: 739.9 | W24: - | Z24: Premature Age-Adjusted Mortality Rate | AA24: 633.1 | AB24: - | AE24: Premature Age-Adjusted Mortality Rate | AF24: 510.2 | AG24: - | AJ24: Premature Age-Adjusted Mortality Rate | AK24: 633.4 | AL24: - | AO24: Premature Age-Adjusted Mortality Rate | AP24: 632.4 | AQ24: - | AT24: Premature Age-Adjusted Mortality Rate | AU24: 643.4 | AV24: - | AY24: Premature Age-Adjusted Mortality Rate | AZ24: 616.4 | BA24: - | BD24: Premature Age-Adjusted Mortality Rate | BE24: 656.4 | BF24: - | BI24: Premature Age-Adjusted Mortality Rate | BJ24: 611 | BK24: - | BN24: Premature Age-Adjusted Mortality Rate | BO24: 441.8 | BP24: - | BS24: Premature Age-Adjusted Mortality Rate | BT24: - | BU24: -
A25: Infant Mortality Rate | B25: 14 | C25: 6.9 | F25: Infant Mortality Rate | G25: 4 | H25: 5.1 | K25: Infant Mortality Rate | L25: 0 | M25: 8 | P25: Infant Mortality Rate | Q25: 0 | R25: 0 | U25: Infant Mortality Rate | V25: 0 | W25: 8.7 | Z25: Infant Mortality Rate | AA25: 0 | AB25: <4 | AE25: Infant Mortality Rate | AF25: 0 | AG25: <4 | AJ25: Infant Mortality Rate | AK25: 11 | AL25: 8.8 | AO25: Infant Mortality Rate | AP25: 11 | AQ25: 10.1 | AT25: Infant Mortality Rate | AU25: 0 | AV25: 8.9 | AY25: Infant Mortality Rate | AZ25: 0 | BA25: 0 | BD25: Infant Mortality Rate | BE25: 0 | BF25: <4 | BI25: Infant Mortality Rate | BJ25: 0 | BK25: <4 | BN25: Infant Mortality Rate | BO25: 7 | BP25: 6.8 | BS25: Infant Mortality Rate
A26: % of Frequent Mental Distress | B26: 18 | C26: - | F26: % of Frequent Mental Distress | G26: 0.15 | H26: - | K26: % of Frequent Mental Distress | L26: 0.19 | M26: - | P26: % of Frequent Mental Distress | Q26: 0.19 | R26: - | U26: % of Frequent Mental Distress | V26: 0.19 | W26: - | Z26: % of Frequent Mental Distress | AA26: 0.2 | AB26: - | AE26: % of Frequent Mental Distress | AF26: 0.19 | AG26: - | AJ26: % of Frequent Mental Distress | AK26: 0.18 | AL26: - | AO26: % of Frequent Mental Distress | AP26: 0.18 | AQ26: - | AT26: % of Frequent Mental Distress | AU26: 0.18 | AV26: - | AY26: % of Frequent Mental Distress | AZ26: 0.18 | BA26: - | BD26: % of Frequent Mental Distress | BE26: 0.19 | BF26: - | BI26: % of Frequent Mental Distress | BJ26: 0.19 | BK26: - | BN26: % of Frequent Mental Distress | BO26: 0.15 | BP26: - | BS26: % of Frequent Mental Distress
A29: Other Socio-demographic factors | F29: Other Socio-demographic factors | K29: Other Socio-demographic factors | P29: Other Socio-demographic factors | U29: Other Socio-demographic factors | Z29: Other Socio-demographic factors | AE29: Other Socio-demographic factors | AJ29: Other Socio-demographic factors | AO29: Other Socio-demographic factors | AT29: Other Socio-demographic factors | AY29: Other Socio-demographic factors | BD29: Other Socio-demographic factors | BI29: Other Socio-demographic factors | BN29: Other Socio-demographic factors | BS29: Other Socio-demographic factors
A30: % of Children in Poverty | B30: 0.295 | C30: - | F30: % of Children in Poverty | G30: 0.084 | H30: - | K30: % of Children in Poverty | L30: 0.28 | M30: - | P30: % of Children in Poverty | Q30: 0.186 | R30: - | U30: % of Children in Poverty | V30: 0.338 | W30: - | Z30: % of Children in Poverty | AA30: 0.348 | AB30: - | AE30: % of Children in Poverty | AF30: 0.247 | AG30: - | AJ30: % of Children in Poverty | AK30: 0.262 | AL30: - | AO30: % of Children in Poverty | AP30: 0.264 | AQ30: - | AT30: % of Children in Poverty | AU30: 0.298 | AV30: - | AY30: % of Children in Poverty | AZ30: 0.307 | BA30: - | BD30: % of Children in Poverty | BE30: 0.375 | BF30: - | BI30: % of Children in Poverty | BJ30: 0.282 | BK30: - | BN30: % of Children in Poverty | BO30: 0.172 | BP30: - | BS30: % of Children in Poverty | BT30: 0.16 | BU30: -
A31: % of Children in Single Parent Households | B31: 0.366 | C31: - | F31: % of Children in Single Parent Households | G31: 0.224 | H31: - | K31: % of Children in Single Parent Households | L31: 0.289 | M31: - | P31: % of Children in Single Parent Households | Q31: 0.355 | R31: - | U31: % of Children in Single Parent Households | V31: 0.404 | W31: - | Z31: % of Children in Single Parent Households | AA31: 0.488 | AB31: - | AE31: % of Children in Single Parent Households | AF31: 0.276 | AG31: - | AJ31: % of Children in Single Parent Households | AK31: 0.519 | AL31: - | AO31: % of Children in Single Parent Households | AP31: 0.511 | AQ31: - | AT31: % of Children in Single Parent Households | AU31: 0.432 | AV31: - | AY31: % of Children in Single Parent Households | AZ31: 0.289 | BA31: - | BD31: % of Children in Single Parent Households | BE31: 0.502 | BF31: - | BI31: % of Children in Single Parent Households | BJ31: 0.355 | BK31: - | BN31: % of Children in Single Parent Households | BO31: 0.306 | BP31: - | BS31: % of Children in Single Parent Households | BT31: 0.25 | BU31: -
A32: % Population Earning Under $25,000 | B32: - | C32: ='Cleaned Data'!CX5 -> 0.278 | F32: % Population Earning Under $25,000 | G32: - | H32: 0.1045 | K32: % Population Earning Under $25,000 | L32: - | M32: 0.247 | P32: % Population Earning Under $25,000 | Q32: - | R32: 0.2262 | U32: % Population Earning Under $25,000 | V32: - | W32: 0.2836 | Z32: % Population Earning Under $25,000 | AA32: - | AB32: 0.4146 | AE32: % Population Earning Under $25,000 | AF32: - | AG32: 0.2315 | AJ32: % Population Earning Under $25,000 | AK32: - | AL32: 0.2105 | AO32: % Population Earning Under $25,000 | AP32: - | AQ32: 0.2562 | AT32: % Population Earning Under $25,000 | AU32: - | AV32: 0.2405 | AY32: % Population Earning Under $25,000 | AZ32: - | BA32: 0.1928 | BD32: % Population Earning Under $25,000 | BE32: - | BF32: 0.2463 | BI32: % Population Earning Under $25,000 | BJ32: - | BK32: 0.2582 | BN32: % Population Earning Under $25,000 | BO32: - | BP32: 0.2299 | BS32: % Population Earning Under $25,000 | BT32: - | BU32: 0.1478
A33: % Population Earning $25,000 - $49,999 | B33: - | C33: ='Cleaned Data'!CY5 -> 0.2171 | F33: % Population Earning $25,000 - $49,999 | G33: - | H33: 0.134 | K33: % Population Earning $25,000 - $49,999 | L33: - | M33: 0.2813 | P33: % Population Earning $25,000 - $49,999 | Q33: - | R33: 0.2186 | U33: % Population Earning $25,000 - $49,999 | V33: - | W33: 0.2439 | Z33: % Population Earning $25,000 - $49,999 | AA33: - | AB33: 0.2718 | AE33: % Population Earning $25,000 - $49,999 | AF33: - | AG33: 0.2627 | AJ33: % Population Earning $25,000 - $49,999 | AK33: - | AL33: 0.2407 | AO33: % Population Earning $25,000 - $49,999 | AP33: - | AQ33: 0.2397 | AT33: % Population Earning $25,000 - $49,999 | AU33: - | AV33: 0.2598 | AY33: % Population Earning $25,000 - $49,999 | AZ33: - | BA33: 0.3795 | BD33: % Population Earning $25,000 - $49,999 | BE33: - | BF33: 0.3285 | BI33: % Population Earning $25,000 - $49,999 | BJ33: - | BK33: 0.2106 | BN33: % Population Earning $25,000 - $49,999 | BO33: - | BP33: 0.2251 | BS33: % Population Earning $25,000 - $49,999 | BT33: - | BU33: 0.1805
A34: Median Household Income | B34: 49431 | C34: ='Cleaned Data'!CP5 -> 50321 | F34: Median Household Income | G34: 94224 | H34: 92571 | K34: Median Household Income | L34: 46459 | M34: 47905 | P34: Median Household Income | Q34: 55539 | R34: 60469 | U34: Median Household Income | V34: 44459 | W34: 46865 | Z34: Median Household Income | AA34: 41830 | AB34: 31463 | AE34: Median Household Income | AF34: 69776 | AG34: 50754 | AJ34: Median Household Income | AK34: 50593 | AL34: 54752 | AO34: Median Household Income | AP34: 50079 | AQ34: 50605 | AT34: Median Household Income | AU34: 52713 | AV34: 49941 | AY34: Median Household Income | AZ34: 42138 | BA34: 45881 | BD34: Median Household Income | BE34: 44367 | BF34: 45091 | BI34: Median Household Income | BJ34: 47377 | BK34: 51780 | BN34: Median Household Income | BO34: 72742 | BP34: 71355 | BS34: Median Household Income | BT34: - | BU34: 75149
A35: % Population Unemployed | B35: 0.052 | C35: - | F35: % Population Unemployed | G35: 0.028 | H35: - | K35: % Population Unemployed | L35: 0.041 | M35: - | P35: % Population Unemployed | Q35: 0.03 | R35: - | U35: % Population Unemployed | V35: 0.04 | W35: - | Z35: % Population Unemployed | AA35: 0.042 | AB35: - | AE35: % Population Unemployed | AF35: 0.035 | AG35: - | AJ35: % Population Unemployed | AK35: 0.042 | AL35: - | AO35: % Population Unemployed | AP35: 0.042 | AQ35: - | AT35: % Population Unemployed | AU35: 0.043 | AV35: - | AY35: % Population Unemployed | AZ35: 0.043 | BA35: - | BD35: % Population Unemployed | BE35: 0.038 | BF35: - | BI35: % Population Unemployed | BJ35: 0.041 | BK35: - | BN35: % Population Unemployed | BO35: 0.037 | BP35: - | BS35: % Population Unemployed | BT35: 0.037 | BU35: -

Sheet Cleaned Data
A1: Key: Data Source
A2: Rural Health Innovation Center: 2018-2022 | B2: HealthyPeople 2030 | C2: Oasis (2018-2023) | D2: CDC (2022): GA state | E2: **indicates average of the data fro those that had more than 1 data source | G2: Average of Rural Health Innovation Center and Oasis
B3: Demographics | W3: Health Behaviors | AU3: Health Outcomes | BB3: Healthcare Workforce | BF3: Other Social & Economic Factors | BI3: Breast | BL3: Cervical | BO3: Colon and Rectum | BR3: Lung | BU3: Prostate
A4: Location | B4: Total Population | C4: Total Population | D4: Population Density (per sq. mi.) | E4: Percent of State Pop. | F4: Male | G4: Male | H4: Female | I4: Female | J4: Male % | K4: Female % | L4: Median Age | M4: Total Population (for determined disability status | N4: Popualtion w/ Disability | O4: Popualtion w/ Disability (%) | P4: Females Ages 15 to 19 | Q4: Teen Pregnancies by Residence | R4: # of Births by Residence | S4: Births to Teens | T4: Pregnancy Rate | U4: Births per 1,000 Teens | V4: Birth Rate (per 100,000 pop.) | W4: Population Age 18+ | X4: Current Smokers | Y4: Current Smokers, Percent | Z4: Adults Reporting Excessive Drinking | AA4: Percentage of Adults Reporting Excessive Drinking | AB4: Total Population | AC4: Chlammydia Infections | AD4: Chlamydia Infections per 100,000 pop. | AE4: Total Population | AF4: Gonorrhea Infections | AG4: Gonorrhea Infections per 100,000 pop. | AH4: Population Age 13+ | AI4: STD Cases by Residence | AJ4: STD Rate Per 100,000 Pop. | AK4: Total HIV/AIDS Infections # | AL4: Total HIV/AIDS Infections Rate Per 100,000 Pop. | AM4: Total Births | AN4: Infant Deaths (<1 yr old) | AO4: Infant Mortality Rate (per 1,000 Live Births) | AP4: Infant Deaths (<1 yr old) | AQ4: Infant Mortality Rate (per 1,000 Live Births) | AR4: Population Age 20+ | AS4: Adults with BMI > 30.0 (Obese) | AT4: Adults with BMI > 30.0 (Obese), Percent | AU4: Total Population (2019) | AV4: Life Expectancy at Birth (2019) | AW4: Total Population, 2018-2022 Average | AX4: 5 Year Total Death, CHD | AY4: Crude Death Rate per 100,000 Pop. CHD | AZ4: Population Age 18+ | BA4: Average Poor Mental Health Days per Month | BB4: Population Estimate | BC4: # of Mental Health Providers | BD4: Mental Health Providers to Population (1/person) | BE4: Mental Health Care Provider Rate (per 100,000 Pop.) | BF4: Population Age 16-19 | BG4: Population Age 16-19 Not in School and Not Employed | BH4: Population Age 16-19 Not in School and Not Employed, Percent | BI4: Estimated Total Population (Female) | BJ4: New Cases (Annual Average) | BK4: Breast | BL4: Estimated Total Population (Female) | BM4: New Cases (Annual Average) | BN4: Cervical | BO4: Estimated Total Population | BP4: New Cases (Annual Average) | BQ4: Colon and Rectum | BR4: Estimated Total Population | BS4: New Cases (Annual Average) | BT4: Lung | BU4: Estimated Total Population (Male) | BV4: New Cases (Annual Average) | BW4: Prostate | BX4: Demographics by Age | BY4: Age 0-4 | BZ4: Age 5-17 | CA4: Age 18-24 | CB4: Age 25-34 | CC4: Age 35-44 | CD4: Age 45-54 | CE4: Age 55-64 | CF4: Age 65+ | CG4: White | CH4: Black | CI4: Asian | CJ4: American Indian / Alaska Native | CK4: Native Hawaiian / Pacific Islander | CL4: Some Other Race | CM4: Multiple Races | CN4: Total Households | CO4: Average Household Income | CP4: Median Household Income | CQ4: 1-Person Household | CR4: 2-Person Household | CS4: 3-Person Household | CT4: 4-Person Household | CU4: 5-Person Household | CV4: 6-Person Household | CW4: 7-Person Household | CX4: Under $25,000 | CY4: $25,000 - $49,999 | CZ4: $50,000 - $99,999 | DA4: $100,000 - $199,999 | DB4: $200,000+
A5: Burke | B5: 24337 | C5: 140590 | D5: 29 | E5: 0.2 | F5: 11944 | G5: 66992 | H5: 12393 | I5: 73598 | J5: 0.4908 | K5: 0.5092 | L5: 38.8 | M5: 24134 | N5: 3578 | O5: 0.1483 | P5: 846 | Q5: 173 | R5: 134 | S5: 0 | T5: 18.2 | U5: 0 | V5: 14.1 | W5: 18351 | X5: 3633 | Y5: 0.198 | Z5: 2617 | AA5: 0.1426 | AB5: 24388 | AC5: 169 | AD5: 692.96 | AE5: 24310 | AF5: 70 | AG5: 287.9 | AH5: 20218 | AI5: 1480 | AJ5: 1052.7 | AK5: >10 | AL5: <10 | AM5: 258 | AN5: No data | AO5: No data | AP5: 12 | AQ5: 6.9 | AR5: 17631 | AS5: 5307 | AT5: 0.3 | AU5: 22383 | AV5: 74.14 | AW5: 23230 | AX5: 126 | AY5: 108.5 | AZ5: 18351 | BA5: 5.2 | BB5: 24388 | BC5: 11 | BD5: 2217.1 | BE5: 45.1 | BF5: 1686 | BG5: 99 | BH5: 0.0587 | BI5: 14716 | BJ5: 21 | BK5: 142.7 | BL5: No data | BM5: Suppressed | BN5: Suppressed | BO5: 26397 | BP5: 17 | BQ5: 64.4 | BR5: 29447 | BS5: 24 | BT5: 81.5 | BU5: 13416 | BV5: 15 | BW5: 111.8 | BY5: 1484 | BZ5: 4607 | CA5: 2662 | CB5: 2191 | CC5: 3070 | CD5: 2947 | CE5: 3409 | CF5: 3967 | CG5: 12127 | CH5: 11095 | CI5: 122 | CJ5: 0 | CK5: 0 | CL5: 323 | CM5: 670 | CN5: 8913 | CO5: 77372 | CP5: 50321 | CQ5: 25335 | CR5: 49137 | CS5: 59615 | CT5: 113323 | CU5: 105848 | CV5: 69282 | CW5: 95369 | CX5: 0.278 | CY5: 0.2171 | CZ5: 0.2598 | DA5: 0.1999 | DB5: 0.0451
A6: Columbia | B6: 156921 | C6: 958602 | D6: 541 | E6: 1.5 | F6: 76942 | G6: 468642 | H6: 79979 | I6: 489960 | J6: 0.4903 | K6: 0.5097 | L6: 37.4 | M6: 153471 | N6: 20021 | O6: 0.1305 | P6: 4971 | Q6: 398 | R6: 268 | S6: 12 | T6: 5.9 | U6: 2.41 | V6: 4 | W6: 120343 | X6: 15524 | Y6: 0.129 | Z6: 19831 | AA6: 0.1648 | AB6: 162419 | AC6: 630 | AD6: 387.89 | AE6: 159639 | AF6: 179 | AG6: 112.1 | AH6: 134743 | AI6: 4117 | AJ6: 429.5 | AK6: 10 | AL6: 7.4 | AM6: 1701 | AN6: No data | AO6: No data | AP6: 55 | AQ6: 5.1 | AR6: 116039 | AS6: 38641 | AT6: 0.332 | AU6: 156714 | AV6: 80.46 | AW6: 158688 | AX6: 396 | AY6: 49.9 | AZ6: 120343 | BA6: 4.8 | BB6: 162419 | BC6: 215 | BD6: 755.4 | BE6: 132.4 | BF6: 8219 | BG6: 314 | BH6: 0.0382 | BI6: 90694 | BJ6: 115 | BK6: 126.8 | BL6: 74074 | BM6: 4 | BN6: 5.4 | BO6: 165384 | BP6: 43 | BQ6: 26 | BR6: 164609 | BS6: 80 | BT6: 48.6 | BU6: 84967 | BV6: 104 | BW6: 122.4 | BY6: 9500 | BZ6: 29755 | CA6: 12875 | CB6: 21030 | CC6: 22631 | CD6: 19907 | CE6: 18281 | CF6: 22942 | CG6: 108715 | CH6: 26560 | CI6: 6850 | CJ6: 375 | CK6: 5 | CL6: 4017 | CM6: 10399 | CN6: 50056 | CO6: 114331 | CP6: 92571 | CQ6: 47156 | CR6: 97339 | CS6: 105722 | CT6: 135548 | CU6: 117500 | CV6: 126131 | CW6: 114696 | CX6: 0.1045 | CY6: 0.134 | CZ6: 0.2976 | DA6: 0.3285 | DB6: 0.1355
A7: Emanuel | B7: 22907 | C7: 136529 | D7: 34 | E7: 0.2 | F7: 11621 | G7: 68044 | H7: 11286 | I7: 68485 | J7: 0.5073 | K7: 0.4927 | L7: 37.4 | M7: 22045 | N7: 4687 | O7: 0.2126 | P7: 664 | Q7: 203 | R7: 167 | S7: 31 | T7: 21.5 | U7: 46.69 | V7: 17.7 | W7: 17112 | X7: 4038 | Y7: 0.236 | Z7: 2514 | AA7: 0.1469 | AB7: 22929 | AC7: 215 | AD7: 937.68 | AE7: 22716 | AF7: 72 | AG7: 317 | AH7: 18974 | AI7: 2544 | AJ7: 1130.9 | AK7: >10 | AL7: <10 | AM7: 277 | AN7: No data | AO7: No data | AP7: 14 | AQ7: 8 | AR7: 16352 | AS7: 4791 | AT7: 0.293 | AU7: 22646 | AV7: 73 | AW7: 22682 | AX7: 152 | AY7: 134 | AZ7: 17112 | BA7: 5.6 | BB7: 22929 | BC7: 23 | BD7: 996.9 | BE7: 100.3 | BF7: 1151 | BG7: 113 | BH7: 0.0982 | BI7: 15340 | BJ7: 16 | BK7: 104.3 | BL7: No data | BM7: Suppressed | BN7: Suppressed | BO7: 27173 | BP7: 15 | BQ7: 55.2 | BR7: 28822 | BS7: 23 | BT7: 79.8 | BU7: 13266 | BV7: 16 | BW7: 120.6 | BY7: 1585 | BZ7: 4132 | CA7: 1917 | CB7: 3249 | CC7: 2881 | CD7: 2571 | CE7: 2907 | CF7: 3665 | CG7: 13861 | CH7: 7345 | CI7: 47 | CJ7: 84 | CK7: 0 | CL7: 350 | CM7: 1220 | CN7: 8321 | CO7: 62820 | CP7: 47905 | CQ7: 25012 | CR7: 51113 | CS7: 53969 | CT7: 59097 | CU7: 77353 | CV7: 61429 | CW7: 82188 | CX7: 0.247 | CY7: 0.2813 | CZ7: 0.3069 | DA7: 0.1423 | DB7: 0.0225
A8: Glascock | B8: 2903 | C8: 17762 | D8: 20 | E8: 0 | F8: 1326 | G8: 8815 | H8: 1577 | I8: 8947 | J8: 0.4568 | K8: 0.5432 | L8: 43.2 | M8: 2819 | N8: 455 | O8: 0.1614 | P8: 176 | Q8: 17 | R8: 13 | S8: 0 | T8: 17.1 | U8: 0 | V8: 13.1 | W8: 2301 | X8: 479 | Y8: 0.208 | Z8: 366 | AA8: 0.1592 | AB8: 2939 | AC8: 9 | AD8: 306.23 | AE8: 2919 | AF8: 4 | AG8: 137 | AH8: 2524 | AI8: 54 | AJ8: 304 | AK8: 0 | AL8: 0 | AM8: 27 | AN8: No data | AO8: No data | AP8: 0 | AQ8: 0 | AR8: 2235 | AS8: 400 | AT8: 0.177 | AU8: 2971 | AV8: 73.71 | AW8: 2962 | AX8: 20 | AY8: 135.1 | AZ8: 2301 | BA8: 5.7 | BB8: 0 | BC8: 0 | BD8: No data | BE8: No data | BF8: 185 | BG8: 5 | BH8: 0.027 | BI8: No data | BJ8: Suppressed | BK8: Suppressed | BL8: No data | BM8: Suppressed | BN8: Suppressed | BO8: No data | BP8: Suppressed | BQ8: Suppressed | BR8: 3636 | BS8: 3 | BT8: 82.5 | BU8: No data | BV8: Suppressed | BW8: Suppressed | BY8: 141 | BZ8: 481 | CA8: 294 | CB8: 262 | CC8: 392 | CD8: 424 | CE8: 416 | CF8: 493 | CG8: 2565 | CH8: 307 | CI8: 0 | CJ8: 0 | CK8: 2 | CL8: 0 | CM8: 29 | CN8: 1052 | CO8: 74995 | CP8: 60469 | CQ8: 22679 | CR8: 72564 | CS8: 94167 | CT8: No data | CU8: 195303 | CV8: No data | CW8: 66875 | CX8: 0.2262 | CY8: 0.2186 | CZ8: 0.3165 | DA8: 0.1901 | DB8: 0.0485
A9: Jefferson | B9: 15591 | C9: 92080 | D9: 30 | E9: 0.1 | F9: 7582 | G9: 44715 | H9: 8009 | I9: 47365 | J9: 0.4863 | K9: 0.5137 | L9: 40.7 | M9: 15139 | N9: 2317 | O9: 0.153 | P9: 596 | Q9: 130 | R9: 78 | S9: 12 | T9: 22.6 | U9: 20.13 | V9: 13.5 | W9: 11965 | X9: 2692 | Y9: 0.225 | Z9: 1602 | AA9: 0.1339 | AB9: 15314 | AC9: 138 | AD9: 901.14 | AE9: 15524 | AF9: 38 | AG9: 244.8 | AH9: 12859 | AI9: 974 | AJ9: 1057.8 | AK9: >10 | AL9: <10 | AM9: 176 | AN9: No data | AO9: No data | AP9: 9 | AQ9: 8.7 | AR9: 11572 | AS9: 2812 | AT9: 0.244 | AU9: 15362 | AV9: 72.8 | AW9: 15379 | AX9: 102 | AY9: 132.6 | AZ9: 11965 | BA9: 5.7 | BB9: 15314 | BC9: 1 | BD9: 15314 | BE9: 6.5 | BF9: 977 | BG9: 39 | BH9: 0.0399 | BI9: 10869 | BJ9: 12 | BK9: 110.4 | BL9: No data | BM9: Suppressed | BN9: Suppressed | BO9: 21052 | BP9: 8 | BQ9: 38 | BR9: 21352 | BS9: 18 | BT9: 84.3 | BU9: 9685 | BV9: 16 | BW9: 165.2 | BY9: 921 | BZ9: 2709 | CA9: 1411 | CB9: 1778 | CC9: 1987 | CD9: 1786 | CE9: 2123 | CF9: 2876 | CG9: 6737 | CH9: 8138 | CI9: 68 | CJ9: 9 | CK9: 0 | CL9: 403 | CM9: 236 | CN9: 5826 | CO9: 64495 | CP9: 46865 | CQ9: 24311 | CR9: 53385 | CS9: 73668 | CT9: 57794 | CU9: 53901 | CV9: 107794 | CW9: 81750 | CX9: 0.2836 | CY9: 0.2439 | CZ9: 0.2592 | DA9: 0.1924 | DB9: 0.0209
A10: Jenkins | B10: 8704 | C10: 52060 | D10: 25 | E10: 0.1 | F10: 4357 | G10: 27749 | H10: 4347 | I10: 24311 | J10: 0.5006 | K10: 0.4994 | L10: 44 | M10: 7919 | N10: 1738 | O10: 0.2195 | P10: 305 | Q10: 48 | R10: 44 | S10: 0 | T10: 17.1 | U10: 0 | V10: 15.7 | W10: 6935 | X10: 1775 | Y10: 0.256 | Z10: 938 | AA10: 0.1353 | AB10: 8689 | AC10: 39 | AD10: 448.84 | AE10: 8639 | AF10: 16 | AG10: 185.2 | AH10: 7487 | AI10: 322 | AJ10: 618.5 | AK10: >10 | AL10: <10 | AM10: 90 | AN10: No data | AO10: No data | AP10: 3 | AQ10: <4 | AR10: 6726 | AS10: 1426 | AT10: 0.213 | AU10: 8676 | AV10: 73.61 | AW10: 8687 | AX10: 31 | AY10: 71.4 | AZ10: 6935 | BA10: 5.8 | BB10: 8689 | BC10: 1 | BD10: 8689 | BE10: 11.5 | BF10: 440 | BG10: 35 | BH10: 0.0795 | BI10: 5993 | BJ10: 7 | BK10: 116.8 | BL10: No data | BM10: Suppressed | BN10: Suppressed | BO10: No data | BP10: Suppressed | BQ10: Suppressed | BR10: 12145 | BS10: 6 | BT10: 49.4 | BU10: 5405 | BV10: 4 | BW10: 74 | BY10: 266 | BZ10: 1357 | CA10: 474 | CB10: 910 | CC10: 1379 | CD10: 915 | CE10: 1552 | CF10: 1851 | CG10: 4985 | CH10: 3036 | CI10: 2 | CJ10: 2 | CK10: 0 | CL10: 299 | CM10: 380 | CN10: 3297 | CO10: 48434 | CP10: 31463 | CQ10: 23161 | CR10: 31690 | CS10: 62264 | CT10: 40039 | CU10: 49979 | CV10: No data | CW10: No data | CX10: 0.4146 | CY10: 0.2718 | CZ10: 0.1783 | DA10: 0.1332 | DB10: 0.0021
A11: Lincoln | B11: 7726 | C11: 47336 | D11: 37 | E11: 0.1 | F11: 3794 | G11: 22946 | H11: 3932 | I11: 24390 | J11: 0.4911 | K11: 0.5089 | L11: 47.1 | M11: 7639 | N11: 1434 | O11: 0.1877 | P11: 291 | Q11: 21 | R11: 16 | S11: 0 | T11: 8.5 | U11: 0 | V11: 6.5 | W11: 6276 | X11: 1343 | Y11: 0.214 | Z11: 858 | AA11: 0.1368 | AB11: 7841 | AC11: 21 | AD11: 267.82 | AE11: 7749 | AF11: 15 | AG11: 193.6 | AH11: 6797 | AI11: 209 | AJ11: 441.5 | AK11: >10 | AL11: <10 | AM11: 78 | AN11: No data | AO11: No data | AP11: 2 | AQ11: <4 | AR11: 6154 | AS11: 1200 | AT11: 0.195 | AU11: 7921 | AV11: 76.67 | AW11: 7891 | AX11: 42 | AY11: 106.4 | AZ11: 6276 | BA11: 5.7 | BB11: 7841 | BC11: 3 | BD11: 2613.7 | BE11: 38.3 | BF11: 413 | BG11: 16 | BH11: 0.0387 | BI11: 6482 | BJ11: 8 | BK11: 123.4 | BL11: No data | BM11: Suppressed | BN11: Suppressed | BO11: 13452 | BP11: 6 | BQ11: 44.6 | BR11: 12784 | BS11: 9 | BT11: 70.4 | BU11: 7568 | BV11: 8 | BW11: 105.7 | BY11: 315 | BZ11: 1176 | CA11: 540 | CB11: 654 | CC11: 953 | CD11: 910 | CE11: 1265 | CF11: 1913 | CG11: 5302 | CH11: 2175 | CI11: 6 | CJ11: 0 | CK11: 0 | CL11: 85 | CM11: 158 | CN11: 3015 | CO11: 71037 | CP11: 50754 | CQ11: 17546 | CR11: 54880 | CS11: 46447 | CT11: 101060 | CU11: 170192 | CV11: No data | CW11: No data | CX11: 0.2315 | CY11: 0.2627 | CZ11: 0.2342 | DA11: 0.2338 | DB11: 0.0378
A12: McDuffie | B12: 21715 | C12: 129150 | D12: 84 | E12: 0.2 | F12: 10508 | G12: 60679 | H12: 11207 | I12: 68471 | J12: 0.4839 | K12: 0.5161 | L12: 38.5 | M12: 21469 | N12: 2634 | O12: 0.1227 | P12: 526 | Q12: 194 | R12: 147 | S12: 0 | T12: 21.5 | U12: 0 | V12: 16.3 | W12: 16278 | X12: 3386 | Y12: 0.208 | Z12: 2258 | AA12: 0.1388 | AB12: 21713 | AC12: 197 | AD12: 907.29 | AE12: 21633 | AF12: 111 | AG12: 513.1 | AH12: 17975 | AI12: 1491 | AJ12: 1154.5 | AK12: >10 | AL12: <10 | AM12: 266 | AN12: No data | AO12: No data | AP12: 14 | AQ12: 8.8 | AR12: 15760 | AS12: 4271 | AT12: 0.271 | AU12: 21312 | AV12: 74.17 | AW12: 21470 | AX12: 126 | AY12: 117.4 | AZ12: 16278 | BA12: 5.5 | BB12: 21713 | BC12: 15 | BD12: 1447.5 | BE12: 69.1 | BF12: 1028 | BG12: 116 | BH12: 0.1128 | BI12: 13494 | BJ12: 19 | BK12: 140.8 | BL12: No data | BM12: Suppressed | BN12: Suppressed | BO12: 28192 | BP12: 17 | BQ12: 60.3 | BR12: 30349 | BS12: 20 | BT12: 65.9 | BU12: 13706 | BV12: 25 | BW12: 182.4 | BY12: 1358 | BZ12: 4044 | CA12: 1608 | CB12: 2770 | CC12: 2500 | CD12: 2534 | CE12: 3008 | CF12: 3893 | CG12: 11864 | CH12: 8938 | CI12: 34 | CJ12: 0 | CK12: 0 | CL12: 274 | CM12: 605 | CN12: 8212 | CO12: 72508 | CP12: 54752 | CQ12: 29357 | CR12: 57083 | CS12: 58690 | CT12: 71274 | CU12: No data | CV12: No data | CW12: No data | CX12: 0.2105 | CY12: 0.2407 | CZ12: 0.3162 | DA12: 0.2019 | DB12: 0.0306
A13: Richmond | B13: 206153 | C13: 1223878 | D13: 636 | E13: 1.9 | F13: 99791 | G13: 593236 | H13: 106362 | I13: 630642 | J13: 0.4841 | K13: 0.5159 | L13: 34.8 | M13: 194852 | N13: 35690 | O13: 0.1832 | P13: 6738 | Q13: 1681 | R13: 1146 | S13: 188 | T13: 22.3 | U13: 27.9 | V13: 15.2 | W13: 159044 | X13: 31173 | Y13: 0.196 | Z13: 24865 | AA13: 0.1563 | AB13: 206640 | AC13: 2361 | AD13: 1142.57 | AE13: 205673 | AF13: 1099 | AG13: 534.3 | AH13: 173064 | AI13: 22104 | AJ13: 1806.1 | AK13: 70 | AL13: 40.4 | AM13: 2871 | AN13: 29 | AO13: 10.2 | AP13: 164 | AQ13: 10.1 | AR13: 152129 | AS13: 57809 | AT13: 0.381 | AU13: 202518 | AV13: 74.18 | AW13: 203693 | AX13: 976 | AY13: 95.8 | AZ13: 159044 | BA13: 5.6 | BB13: 206640 | BC13: 719 | BD13: 287.4 | BE13: 347.9 | BF13: 11592 | BG13: 1226 | BH13: 0.1058 | BI13: 122131 | BJ13: 165 | BK13: 135.1 | BL13: 95652 | BM13: 11 | BN13: 11.5 | BO13: 216666 | BP13: 78 | BQ13: 36 | BR13: 228985 | BS13: 158 | BT13: 69 | BU13: 107355 | BV13: 162 | BW13: 150.9 | BY13: 13503 | BZ13: 33728 | CA13: 23345 | CB13: 32995 | CC13: 24866 | CD13: 22088 | CE13: 25637 | CF13: 29991 | CG13: 71015 | CH13: 115235 | CI13: 3659 | CJ13: 252 | CK13: 148 | CL13: 3907 | CM13: 11937 | CN13: 74028 | CO13: 70310 | CP13: 50605 | CQ13: 31083 | CR13: 60608 | CS13: 65208 | CT13: 74934 | CU13: 63995 | CV13: 82438 | CW13: 68942 | CX13: 0.2562 | CY13: 0.2397 | CZ13: 0.3005 | DA13: 0.1585 | DB13: 0.0452
A14: Screven | B14: 14026 | C14: 84172 | D14: 22 | E14: 0.1 | F14: 6742 | G14: 41512 | H14: 7284 | I14: 42660 | J14: 0.4807 | K14: 0.5193 | L14: 41.9 | M14: 13674 | N14: 2109 | O14: 0.1542 | P14: 393 | Q14: 107 | R14: 85 | S14: 0 | T14: 25.3 | U14: 0 | V14: 20.1 | W14: 11274 | X14: 2244 | Y14: 0.199 | Z14: 1637 | AA14: 0.1452 | AB14: 13977 | AC14: 98 | AD14: 701.15 | AE14: 14105 | AF14: 39 | AG14: 276.5 | AH14: 11972 | AI14: 740 | AJ14: 879.2 | AK14: >10 | AL14: <10 | AM14: 167 | AN14: No data | AO14: No data | AP14: 9 | AQ14: 8.9 | AR14: 10899 | AS14: 2703 | AT14: 0.248 | AU14: 13966 | AV14: 74.94 | AW14: 14000 | AX14: 85 | AY14: 121.4 | AZ14: 11274 | BA14: 5.4 | BB14: 13977 | BC14: 5 | BD14: 2795.4 | BE14: 35.8 | BF14: 525 | BG14: 127 | BH14: 0.2419 | BI14: 10560 | BJ14: 13 | BK14: 123.1 | BL14: No data | BM14: Suppressed | BN14: Suppressed | BO14: 21231 | BP14: 10 | BQ14: 47.1 | BR14: 21604 | BS14: 14 | BT14: 64.8 | BU14: 10840 | BV14: 12 | BW14: 110.7 | BY14: 763 | BZ14: 2123 | CA14: 890 | CB14: 1766 | CC14: 1845 | CD14: 1687 | CE14: 2168 | CF14: 2784 | CG14: 7938 | CH14: 5629 | CI14: 56 | CJ14: 12 | CK14: 0 | CL14: 39 | CM14: 352 | CN14: 4727 | CO14: 73243 | CP14: 49941 | CQ14: 23094 | CR14: 59286 | CS14: 72697 | CT14: 115568 | CU14: 39129 | CV14: 96731 | CW14: 63125 | CX14: 0.2405 | CY14: 0.2598 | CZ14: 0.2634 | DA14: 0.1963 | DB14: 0.04
A15: Taliaferro | B15: 1635 | C15: 9474 | D15: 8 | E15: 0 | F15: 734 | G15: 4746 | H15: 901 | I15: 4728 | J15: 0.4489 | K15: 0.5511 | L15: 47.2 | M15: 1630 | N15: 369 | O15: 0.2264 | P15: 7 | Q15: 5 | R15: 4 | S15: 0 | T15: 12.3 | U15: 0 | V15: >4 | W15: 1271 | X15: 282 | Y15: 0.222 | Z15: 148 | AA15: 0.1166 | AB15: 1600 | AC15: 10 | AD15: 625 | AE15: 1558 | AF15: 3 | AG15: 192.6 | AH15: 1392 | AI15: 69 | AJ15: 728.3 | AK15: 0 | AL15: 0 | AM15: 14 | AN15: No data | AO15: No data | AP15: 0 | AQ15: 0 | AR15: 1280 | AS15: 215 | AT15: 0.17 | AU15: 1537 | AV15: 74.8 | AW15: 1573 | AX15: No data | AY15: No data | AZ15: 1271 | BA15: 5.5 | BB15: 0 | BC15: 0 | BD15: No data | BE15: No data | BF15: 24 | BG15: 0 | BH15: 0 | BI15: No data | BJ15: Suppressed | BK15: Suppressed | BL15: No data | BM15: Suppressed | BN15: Suppressed | BO15: No data | BP15: Suppressed | BQ15: Suppressed | BR15: No data | BS15: Suppressed | BT15: Suppressed | BU15: No data | BV15: Suppressed | BW15: Suppressed | BY15: 67 | BZ15: 172 | CA15: 96 | CB15: 243 | CC15: 206 | CD15: 208 | CE15: 186 | CF15: 457 | CG15: 599 | CH15: 822 | CI15: 1 | CJ15: 0 | CK15: 4 | CL15: 117 | CM15: 92 | CN15: 643 | CO15: 54144 | CP15: 45881 | CQ15: 41053 | CR15: 32639 | CS15: 68750 | CT15: 64224 | CU15: No data | CV15: No data | CW15: No data | CX15: 0.1928 | CY15: 0.3795 | CZ15: 0.3173 | DA15: 0.0995 | DB15: 0.0109
A16: Warren | B16: 5197 | C16: 31238 | D16: 18 | E16: 0 | F16: 2405 | G16: 14789 | H16: 2792 | I16: 16449 | J16: 0.4628 | K16: 0.5372 | L16: 45.3 | M16: 5122 | N16: 932 | O16: 0.182 | P16: 178 | Q16: 40 | R16: 28 | S16: 0 | T16: 21.8 | U16: 0 | V16: 15.3 | W16: 4180 | X16: 995 | Y16: 0.238 | Z16: 508 | AA16: 0.1216 | AB16: 5155 | AC16: 50 | AD16: 969.93 | AE16: 5240 | AF16: 20 | AG16: 381.7 | AH16: 4422 | AI16: 347 | AJ16: 1110.8 | AK16: 0 | AL16: 0 | AM16: 55 | AN16: No data | AO16: No data | AP16: 3 | AQ16: <4 | AR16: 4054 | AS16: 827 | AT16: 0.205 | AU16: 5254 | AV16: 74.83 | AW16: 5226 | AX16: 45 | AY16: 172.2 | AZ16: 4180 | BA16: 5.8 | BB16: 5155 | BC16: 2 | BD16: 2577.5 | BE16: 38.8 | BF16: 211 | BG16: 7 | BH16: 0.0332 | BI16: 4345 | BJ16: 8 | BK16: 184.1 | BL16: No data | BM16: Suppressed | BN16: Suppressed | BO16: 7278 | BP16: 5 | BQ16: 68.7 | BR16: 8918 | BS16: 8 | BT16: 89.7 | BU16: 3906 | BV16: 4 | BW16: 102.4 | BY16: 277 | BZ16: 780 | CA16: 448 | CB16: 502 | CC16: 579 | CD16: 619 | CE16: 814 | CF16: 1178 | CG16: 1995 | CH16: 3104 | CI16: 24 | CJ16: 0 | CK16: 0 | CL16: 0 | CM16: 74 | CN16: 1945 | CO16: 57899 | CP16: 45091 | CQ16: 32630 | CR16: 41948 | CS16: 53264 | CT16: 84821 | CU16: 63958 | CV16: No data | CW16: 29000 | CX16: 0.2463 | CY16: 0.3285 | CZ16: 0.2746 | DA16: 0.1296 | DB16: 0.0211
A17: Wilkes | B17: 9610 | C17: 57977 | D17: 20 | E17: 0.1 | F17: 4947 | G17: 27889 | H17: 4663 | I17: 30088 | J17: 0.5148 | K17: 0.4852 | L17: 45.5 | M17: 9510 | N17: 1465 | O17: 0.154 | P17: 147 | Q17: 63 | R17: 44 | S17: 0 | T17: 18.1 | U17: 0 | V17: 12.6 | W17: 7547 | X17: 1638 | Y17: 0.217 | Z17: 980 | AA17: 0.1299 | AB17: 9599 | AC17: 69 | AD17: 718.82 | AE17: 9513 | AF17: 45 | AG17: 473 | AH17: 8225 | AI17: 530 | AJ17: 914.2 | AK17: >10 | AL17: <10 | AM17: 94 | AN17: No data | AO17: No data | AP17: 3 | AQ17: <4 | AR17: 7342 | AS17: 1417 | AT17: 0.193 | AU17: 9777 | AV17: 74.86 | AW17: 9692 | AX17: 54 | AY17: 111.4 | AZ17: 7547 | BA17: 5.6 | BB17: 9599 | BC17: 2 | BD17: 4799.5 | BE17: 20.8 | BF17: 360 | BG17: 14 | BH17: 0.0389 | BI17: 8431 | BJ17: 10 | BK17: 118.6 | BL17: No data | BM17: Suppressed | BN17: Suppressed | BO17: 17331 | BP17: 10 | BQ17: 57.7 | BR17: 16920 | BS17: 10 | BT17: 59.1 | BU17: 7751 | BV17: 8 | BW17: 103.2 | BY17: 521 | BZ17: 1462 | CA17: 612 | CB17: 1153 | CC17: 1001 | CD17: 1145 | CE17: 1470 | CF17: 2246 | CG17: 5126 | CH17: 3869 | CI17: 0 | CJ17: 16 | CK17: 0 | CL17: 276 | CM17: 323 | CN17: 4032 | CO17: 67375 | CP17: 51780 | CQ17: 24757 | CR17: 61413 | CS17: 62857 | CT17: 86289 | CU17: 80184 | CV17: No data | CW17: No data | CX17: 0.2582 | CY17: 0.2106 | CZ17: 0.3366 | DA17: 0.1746 | DB17: 0.0201
A18: Georgia (State) | B18: 10722325 | C18: 64588584 | D18: 186 | E18: 100 | F18: 5244476 | G18: 31452814 | H18: 5477849 | I18: 33135770 | J18: 0.4891 | K18: 0.5109 | L18: 37.2 | M18: 10531900 | N18: 1336645 | O18: 0.1269 | P18: 372109 | Q18: 56188 | R18: 39978 | S18: 4714 | T18: 12.9 | U18: 12.67 | V18: 9.2 | W18: 8315530 | X18: 1297223 | Y18: 0.156 | Z18: 1380818 | AA18: 0.1661 | AB18: 10912876 | AC18: 72662 | AD18: 665.84 | AE18: 10912876 | AF18: 31450 | AG18: 288.2 | AH18: 9170559 | AI18: 603324 | AJ18: 934.1 | AK18: 2511 | AL18: 27.4 | AM18: 124310 | AN18: 534 | AO18: 4.3 | AP18: 5109 | AQ18: 6.8 | AR18: 7979399 | AS18: 2382343 | AT18: 0.297 | AU18: 10617423 | AV18: 78.01 | AW18: 10711871 | AX18: 40886 | AY18: 76.3 | AZ18: 16631473 | BA18: 4.9 | BB18: 10912880 | BC18: 19531 | BD18: 558.7 | BE18: 179 | BF18: 602479 | BG18: 47447 | BH18: 0.0788 | BI18: 6241486 | BJ18: 8064 | BK18: 129.2 | BL18: 5487500 | BM18: 439 | BN18: 8 | BO18: 11567430 | BP18: 4546 | BQ18: 39.3 | BR18: 11891191 | BS18: 6885 | BT18: 57.9 | BU18: 5724573 | BV18: 7711 | BW18: 134.7 | BY18: 635299 | BZ18: 1877246 | CA18: 1051160 | CB18: 1475136 | CC18: 1420198 | CD18: 1401400 | CE18: 1321441 | CF18: 1540445 | CG18: 5820019 | CH18: 3373948 | CI18: 465487 | CJ18: 37920 | CK18: 7411 | CL18: 378659 | CM18: 638881 | CN18: 3946490 | CO18: 99345 | CP18: 71355 | CQ18: 38351 | CR18: 78456 | CS18: 89398 | CT18: 105220 | CU18: 95131 | CV18: 93261 | CW18: 105104 | CX18: 0.2299 | CY18: 0.2251 | CZ18: 0.2993 | DA18: 0.1977 | DB18: 0.048
A19: United States (as a whole) | B19: 331097593 | D19: 94 | F19: 164200298 | H19: 166897295 | J19: 0.4959 | K19: 0.5041 | L19: 38.5 | M19: 326147510 | N19: 41941456 | O19: 0.1286 | P19: 10683985 | S19: 102904 | U19: 9.63 | W19: 259755978 | X19: 36442044 | Y19: 0.14 | Z19: 47041079 | AA19: 0.1811 | AB19: 333287557 | AC19: 1649716 | AD19: 495 | AE19: 333287557 | AF19: 648056 | AG19: 194.4 | AH19: 282494087 | AK19: 37601 | AL19: 13.3 | AM19: 3674943 | AN19: 15057 | AO19: 4.1 | AR19: 232757930 | AS19: 70168831 | AT19: 0.301 | AU19: 328239523 | AV19: 79.05 | AW19: 330014476 | AX19: 1856446 | AY19: 112.5 | AZ19: 519512095 | BA19: 4.9 | BB19: 333266937 | BC19: 1045210 | BD19: 318.9 | BE19: 313.6 | BF19: 17571402 | BG19: 1220306 | BH19: 0.0694 | BI19: 196653543 | BJ19: 249750 | BK19: 127 | BL19: 167373333 | BM19: 12553 | BN19: 7.5 | BO19: 378139726 | BP19: 138021 | BQ19: 36.5 | BR19: 398716666 | BS19: 215307 | BT19: 54 | BU19: 192519457 | BV19: 212734 | BW19: 110.5 | BY19: 19004925 | BZ19: 54208780 | CA19: 31282896 | CB19: 45388153 | CC19: 42810359 | CD19: 41087357 | CE19: 42577475 | CF19: 54737648 | CG19: 218123424 | CH19: 41288572 | CI19: 19112979 | CJ19: 2786431 | CK19: 624863 | CL19: 20018544 | CM19: 29142780 | CN19: 125736353 | CO19: 105833 | CP19: 75149 | CQ19: 38445 | CR19: 83185 | CS19: 97644 | CT19: 113664 | CU19: 106473 | CV19: 104420 | CW19: 113370 | CX19: 0.1478 | CY19: 0.1805 | CZ19: 0.2962 | DA19: 0.2611 | DB19: 0.1143
A21: Averages
A22: Location | B22: Total Population | D22: % Male | E22: % Female | F22: Male | G22: Female | I22: Demographics by Age | J22: Age 0-4 | K22: Age 5-17 | L22: Age 18-24 | M22: Age 25-34 | N22: Age 35-44 | O22: Age 45-54 | P22: Age 55-64 | Q22: Age 65+
A23: Burke | B23: =AVERAGE(B5:C5) -> 82463.5 | D23: =(F23/B23)*100 -> 47.861175 | E23: =(G23/B23)*100 -> 52.138825 | F23: =AVERAGE(F5:G5) -> 39468 | G23: =AVERAGE(H5:I5) -> 42995.5 | J23: 1484 | K23: 4607 | L23: 2662 | M23: 2191 | N23: 3070 | O23: 2947 | P23: 3409 | Q23: 3967
A24: Columbia | B24: =AVERAGE(B6:C6) -> 557761.5 | D24: =(F24/B24)*100 -> 48.90836 | E24: =(G24/B24)*100 -> 51.09164 | F24: =AVERAGE(F6:G6) -> 272792 | G24: =AVERAGE(H6:I6) -> 284969.5 | J24: 9500 | K24: 29755 | L24: 12875 | M24: 21030 | N24: 22631 | O24: 19907 | P24: 18281 | Q24: 22942
A25: Emanuel | B25: =AVERAGE(B7:C7) -> 79718 | D25: =(F25/B25)*100 -> 49.966758 | E25: =(G25/B25)*100 -> 50.033242 | F25: =AVERAGE(F7:G7) -> 39832.5 | G25: =AVERAGE(H7:I7) -> 39885.5 | J25: 1585 | K25: 4132 | L25: 1917 | M25: 3249 | N25: 2881 | O25: 2571 | P25: 2907 | Q25: 3665
A26: Glascock | B26: =AVERAGE(B8:C8) -> 10332.5 | D26: =(F26/B26)*100 -> 49.073312 | E26: =(G26/B26)*100 -> 50.926688 | F26: =AVERAGE(F8:G8) -> 5070.5 | G26: =AVERAGE(H8:I8) -> 5262 | J26: 141 | K26: 481 | L26: 294 | M26: 262 | N26: 392 | O26: 424 | P26: 416 | Q26: 493
A27: Jefferson | B27: =AVERAGE(B9:C9) -> 53835.5 | D27: =(F27/B27)*100 -> 48.57111 | E27: =(G27/B27)*100 -> 51.42889 | F27: =AVERAGE(F9:G9) -> 26148.5 | G27: =AVERAGE(H9:I9) -> 27687 | J27: 921 | K27: 2709 | L27: 1411 | M27: 1778 | N27: 1987 | O27: 1786 | P27: 2123 | Q27: 2876
A28: Jenkins | B28: =AVERAGE(B10:C10) -> 30382 | D28: =(F28/B28)*100 -> 52.837206 | E28: =(G28/B28)*100 -> 47.162794 | F28: =AVERAGE(F10:G10) -> 16053 | G28: =AVERAGE(H10:I10) -> 14329 | J28: 266 | K28: 1357 | L28: 474 | M28: 910 | N28: 1379 | O28: 915 | P28: 1552 | Q28: 1851
A29: Lincoln | B29: =AVERAGE(B11:C11) -> 27531 | D29: =(F29/B29)*100 -> 48.563438 | E29: =(G29/B29)*100 -> 51.436562 | F29: =AVERAGE(F11:G11) -> 13370 | G29: =AVERAGE(H11:I11) -> 14161 | J29: 315 | K29: 1176 | L29: 540 | M29: 654 | N29: 953 | O29: 910 | P29: 1265 | Q29: 1913
A30: McDuffie | B30: =AVERAGE(B12:C12) -> 75432.5 | D30: =(F30/B30)*100 -> 47.185895 | E30: =(G30/B30)*100 -> 52.814105 | F30: =AVERAGE(F12:G12) -> 35593.5 | G30: =AVERAGE(H12:I12) -> 39839 | J30: 1358 | K30: 4044 | L30: 1608 | M30: 2770 | N30: 2500 | O30: 2534 | P30: 3008 | Q30: 3893
A31: Richmond | B31: =AVERAGE(B13:C13) -> 715015.5 | D31: =(F31/B31)*100 -> 48.462376 | E31: =(G31/B31)*100 -> 51.537624 | F31: =AVERAGE(F13:G13) -> 346513.5 | G31: =AVERAGE(H13:I13) -> 368502 | J31: 13503 | K31: 33728 | L31: 23345 | M31: 32995 | N31: 24866 | O31: 22088 | P31: 25637 | Q31: 29991
A32: Screven | B32: =AVERAGE(B14:C14) -> 49099 | D32: =(F32/B32)*100 -> 49.139494 | E32: =(G32/B32)*100 -> 50.860506 | F32: =AVERAGE(F14:G14) -> 24127 | G32: =AVERAGE(H14:I14) -> 24972 | J32: 763 | K32: 2123 | L32: 890 | M32: 1766 | N32: 1845 | O32: 1687 | P32: 2168 | Q32: 2784
A33: Taliaferro | B33: =AVERAGE(B15:C15) -> 5554.5 | D33: =(F33/B33)*100 -> 49.329373 | E33: =(G33/B33)*100 -> 50.670627 | F33: =AVERAGE(F15:G15) -> 2740 | G33: =AVERAGE(H15:I15) -> 2814.5 | J33: 67 | K33: 172 | L33: 96 | M33: 243 | N33: 206 | O33: 208 | P33: 186 | Q33: 457
A34: Warren | B34: =AVERAGE(B16:C16) -> 18217.5 | D34: =(F34/B34)*100 -> 47.190888 | E34: =(G34/B34)*100 -> 52.809112 | F34: =AVERAGE(F16:G16) -> 8597 | G34: =AVERAGE(H16:I16) -> 9620.5 | J34: 277 | K34: 780 | L34: 448 | M34: 502 | N34: 579 | O34: 619 | P34: 814 | Q34: 1178
... A36: Georgia (State) | B36: =AVERAGE(B18:C18) -> 37655454 | D36: =(F36/B36)*100 -> 48.727722 | E36: =(G36/B36)*100 -> 51.272278 | F36: =AVERAGE(F18:G18) -> 18348645 | G36: =AVERAGE(H18:I18) -> 19306810 | J36: 635299 | K36: 1877246 | L36: 1051160 | M36: 1475136 | N36: 1420198 | O36: 1401400 | P36: 1321441 | Q36: 1540445
A37: United States (as a whole) | B37: 331097593 | D37: =(F37/B37)*100 -> 49.592719 | E37: =(G37/B37)*100 -> 50.407281 | F37: 164200298 | G37: 166897295 | J37: 19004925 | K37: 54208780 | L37: 31282896 | M37: 45388153 | N37: 42810359 | O37: 41087357 | P37: 42577475 | Q37: 54737648
A56: County Health Rankings | B56: Demographics | S56: Health Outcomes | AG56: Health Behaviors | BA56: Clincial Care | BP56: Social and Economic Factors | CL56: Physical Environment
A58: Location | B58: Population | C58: Number of non -Hispanic White | D58: % White | E58: Number of non-Hispanic Black | F58: % Black | G58: Asian | H58: % Asian | I58: American Indian / Alaska Native | J58: % American Indian/ Alaskan Native | K58: Native Hawaiian / Pacific Islander | L58: % Native Hawaiian/ Pacific Islander | M58: Hispanic | N58: % Hispanic | O58: % Living in Rural Areas | P58: % Under Age of 18 | Q58: % 65 and Older | R58: % Female | S58: Life Expectancy (Years) | T58: Average Number of Poor Physical Health Days | U58: Premature Deaths | V58: Prematue Age-Adjusted Mortality Rate | W58: # of Child Deaths (1-20 yrs old) | X58: Child Mortality Rate | Y58: # of Infant Deaths | Z58: Infant Mortality Rate (0-12 months) / 1,000 births | AA58: % of Poor or Fair Health Days | AB58: % of Frequent Mental Distress | AC58: % of Adults with Diabetes | AD58: # of HIV Cases | AE58: HIV Prevelance Rate | AF58: % of Low Birth weight | AG58: Average Number of Poor Mental Health Days | AH58: % of Adults Reporting Currently Smoking | AI58: % of Adults with Obesity | AJ58: # With Food Insecurity | AK58: % With Food Insecurity | AL58: # With Limited Access to Healthy Foods | AM58: % With Limited Access to Healthy Foods | AN58: % With Insuffient Sleeping | AO58: Food Environment Index | AP58: % of Physical Inactivity | AQ58: % With Access to Exercise Opportunities | AR58: % of Excessive Drinking | AS58: Number of Alcohol-Impaired Driving Deaths | AT58: Number of Driving Deaths | AU58: % of Driving Deaths with Alcohol Inlvolvment | AV58: # of Drug Overdose Deaths | AW58: Drug Overdose Mortality Rate | AX58: Number of Chlamydia Cases | AY58: Chlamydia Rate | AZ58: Teen Birth Rate | BA58: Number of Uninsured | BB58: % Uninsured | BC58: # of Uninsured Adult | BD58: % of Uninsured Adults | BE58: # of Uninsured Children | BF58: % of Uninsured Childen | BG58: Number of Primary Care Physicians | BH58: Primary Care Physicians Ratio | BI58: Number of Dentists | BJ58: Dentists Ratio | BK58: Number of Mental Health Providers | BL58: Mental Health Providers Ratio | BM58: Preventable Hospital Stays | BN58: % of Population with annual Mammography Screening | BO58: % of population with Flu Vaccinations | BP58: Number Completed High School | BQ58: % of High School Compleiton | BR58: Cohort Size | BS58: High School Graduation Rate | BT58: Number of Some College | BU58: % of Some College | BV58: Number of Unemployed | BW58: Labor Force | BX58: % of Unemployed | BY58: % of Children in Poverty | BZ58: 80th Percentile Income | CA58: 20th Percentile Income | CB58: Median Household Income | CC58: Required Hourly Living Wage | CD58: Income Inequality Ratio | CE58: # of Children in Single-Parent Households | CF58: # of Children in Households | CG58: % of Children in Single Parent Housholds | CH58: Number of Social Associations | CI58: Social Associations Rate | CJ58: Number of Injury Deaths | CK58: Injury Death Rate | CL58: Average Daily PM2.5 | CM58: Presence of Water Violation | CN58: % of Severe Housing Problems | CO58: # of Homeowners | CP58: % of Homeowners | CQ58: # of Households with Severe Cost Burden | CR58: % of Househould with Severe Cost Burden | CS58: % of Households with Broadband Access | CT58: % of Long Commute who Drive Alone
A59: Burke | B59: 24388 | C59: 11795 | D59: 0.4836 | E59: 11011 | F59: 0.4515 | G59: 152 | H59: 0.0062 | I59: 145 | J59: 0.0059 | K59: 38 | L59: 0.0016 | M59: 899 | N59: 0.0369 | O59: 0.752 | P59: 0.245 | Q59: 0.176 | R59: 0.522 | S59: 73.4 | T59: 4.2 | U59: 470 | V59: 568 | W59: 29 | X59: 113 | Y59: 26 | Z59: 14 | AA59: 0.2 | AB59: 0.18 | AC59: 0.14 | AD59: 103 | AE59: 513 | AF59: 0.12 | AG59: 5.2 | AH59: 0.2 | AI59: 0.4 | AJ59: 2420 | AK59: 0.1 | AL59: 1774 | AM59: 0.08 | AN59: 0.4 | AO59: 8 | AP59: 0.29 | AQ59: 0.42 | AR59: 0.14 | AS59: 14 | AT59: 49 | AU59: 0.29 | AV59: 16 | AW59: 23 | AX59: 168 | AY59: 691.1 | AZ59: 29 | BA59: 2737 | BB59: 0.14 | BC59: 2427 | BD59: 0.18 | BE59: 339 | BF59: 0.06 | BG59: 8 | BH59: 3039:1 | BI59: 3 | BJ59: 8129:1 | BK59: 11 | BL59: 2217:1 | BM59: 2488 | BN59: 0.37 | BO59: 0.31 | BP59: 13195 | BQ59: 0.85 | BR59: 320 | BS59: 88 | BT59: 2795 | BU59: 0.53 | BV59: 468 | BW59: 9019 | BX59: 0.052 | BY59: 0.3 | BZ59: 113344 | CA59: 18137 | CB59: 49431 | CC59: 35.99 | CD59: 6.2 | CE59: 225 | CF59: 6087 | CG59: 37 | CH59: 18 | CI59: 7.4 | CJ59: 133 | CK59: 99 | CL59: 9.8 | CM59: No | CN59: 0.12 | CO59: 6469 | CP59: 0.73 | CQ59: 1032 | CR59: 0.12 | CS59: 0.83 | CT59: 0.46
A60: Columbia | B60: 162419 | C60: 104867 | D60: 0.6457 | E60: 31936 | F60: 0.1966 | G60: 7548 | H60: 0.0465 | I60: 774 | J60: 0.0048 | K60: 347 | L60: 0.0021 | M60: 12443 | N60: 0.0766 | O60: 0.149 | P60: 0.246 | Q60: 0.152 | R60: 0.51 | S60: 79 | T60: 3.2 | U60: 1705 | V60: 318 | W60: 74 | X60: 43 | Y60: 76 | Z60: 4 | AA60: 0.12 | AB60: 0.15 | AC60: 0.09 | AD60: 256 | AE60: 194 | AF60: 0.08 | AG60: 4.8 | AH60: 0.13 | AI60: 0.34 | AJ60: 11250 | AK60: 0.07 | AL60: 7338 | AM60: 0.06 | AN60: 0.35 | AO60: 8.7 | AP60: 0.2 | AQ60: 0.72 | AR60: 0.17 | AS60: 13 | AT60: 63 | AU60: 0.21 | AV60: 82 | AW60: 17 | AX60: 507 | AY60: 317.6 | AZ60: 9 | BA60: 14480 | BB60: 0.11 | BC60: 12226 | BD60: 0.13 | BE60: 2471 | BF60: 0.06 | BG60: 168 | BH60: 950:1 | BI60: 94 | BJ60: 1728:1 | BK60: 215 | BL60: 755:1 | BM60: 2199 | BN60: 0.46 | BO60: 0.45 | BP60: 97666 | BQ60: 0.93 | BR60: 2073 | BS60: 92 | BT60: 31637 | BU60: 0.72 | BV60: 2138 | BW60: 75917 | BX60: 0.028 | BY60: 0.08 | BZ60: 169145 | CA60: 42237 | CB60: 94224 | CC60: 43.37 | CD60: 4 | CE60: 8790 | CF60: 39342 | CG60: 22 | CH60: 115 | CI60: 7.2 | CJ60: 466 | CK60: 60 | CL60: 10.3 | CM60: No | CN60: 0.08 | CO60: 39501 | CP60: 0.79 | CQ60: 4786 | CR60: 0.1 | CS60: 0.9 | CT60: 0.36
A61: Emanuel | B61: 22929 | C61: 13392 | D61: 0.5841 | E61: 7889 | F61: 0.3441 | G61: 173 | H61: 0.0075 | I61: 111 | J61: 0.0048 | K61: 16 | L61: 0.0007 | M61: 1137 | N61: 0.0496 | O61: 0.682 | P61: 0.247 | Q61: 0.164 | R61: 0.494 | S61: 70.9 | T61: 4.8 | U61: 573 | V61: 706 | W61: 13 | X61: 52 | Y61: 0 | Z61: 0 | AA61: 0.24 | AB61: 0.19 | AC61: 0.14 | AD61: 61 | AE61: 327 | AF61: 0.11 | AG61: 5.6 | AH61: 0.24 | AI61: 0.41 | AJ61: 3740 | AK61: 0.16 | AL61: 3324 | AM61: 0.15 | AN61: 0.38 | AO61: 5.8 | AP61: 0.33 | AQ61: 0.45 | AR61: 0.15 | AS61: 10 | AT61: 37 | AU61: 0.27 | AV61: 0 | AW61: 0 | AX61: 163 | AY61: 717.6 | AZ61: 38 | BA61: 3189 | BB61: 0.18 | BC61: 2802 | BD61: 0.23 | BE61: 419 | BF61: 0.07 | BG61: 9 | BH61: 2524:1 | BI61: 3 | BJ61: 7643:1 | BK61: 23 | BL61: 997:1 | BM61: 4445 | BN61: 0.4 | BO61: 0.3 | BP61: 12086 | BQ61: 0.79 | BR61: 259 | BS61: 89 | BT61: 2820 | BU61: 0.46 | BV61: 355 | BW61: 8717 | BX61: 0.041 | BY61: 0.28 | BZ61: 90254 | CA61: 18882 | CB61: 46975 | CC61: 35.85 | CD61: 4.8 | CE61: 1644 | CF61: 5693 | CG61: 29 | CH61: 18 | CI61: 7.9 | CJ61: 87 | CK61: 77 | CL61: 9.3 | CM61: No | CN61: 155 | CO61: 4705 | CP61: 0.57 | CQ61: 744 | CR61: 0.1 | CS61: 0.81 | CT61: 0.4
A62: Glascock | B62: 2939 | C62: 2555 | D62: 0.8693 | E62: 248 | F62: 0.0844 | G62: 8 | H62: 0.0027 | I62: 20 | J62: 0.0068 | K62: 2 | L62: 0.0007 | M62: 56 | N62: 0.0191 | O62: 1 | P62: 0.212 | Q62: 0.182 | R62: 0.498 | S62: 73.4 | T62: 4.4 | U62: 67 | V62: 607 | W62: 0 | X62: 0 | Y62: 0 | Z62: 0 | AA62: 0.19 | AB62: 0.19 | AC62: 0.11 | AD62: 7 | AE62: 279 | AF62: 0.07 | AG62: 5.7 | AH62: 0.21 | AI62: 0.35 | AJ62: 350 | AK62: 0.12 | AL62: 855 | AM62: 0.28 | AN62: 0.37 | AO62: 5.4 | AP62: 0.28 | AQ62: 0 | AR62: 0.16 | AS62: 1 | AT62: 3 | AU62: 0.33 | AV62: 0 | AW62: 0 | AX62: 8 | AY62: 274.1 | AZ62: 34 | BA62: 402 | BB62: 0.17 | BC62: 350 | BD62: 0.2 | BE62: 56 | BF62: 0.09 | BG62: 1 | BH62: 2919:1 | BI62: 0 | BJ62: 2939:0 | BK62: 0 | BL62: 0 | BM62: 4376 | BN62: 0.42 | BO62: 0.39 | BP62: 1633 | BQ62: 0.82 | BR62: 0 | BS62: 0 | BT62: 412 | BU62: 0.63 | BV62: 38 | BW62: 1253 | BX62: 0.03 | BY62: 0.19 | BZ62: 111537 | CA62: 21556 | CB62: 55539 | CC62: 37.01 | CD62: 5.2 | CE62: 221 | CF62: 622 | CG62: 36 | CH62: 3 | CI62: 10.3 | CJ62: 20 | CK62: 134 | CL62: 9.4 | CM62: Yes | CN62: 0.12 | CO62: 746 | CP62: 0.71 | CQ62: 56 | CR62: 0.06 | CS62: 0.62 | CT62: 575
A63: Jefferson | B63: 15314 | C63: 6481 | D63: 0.4232 | E63: 7843 | F63: 0.5121 | G63: 114 | H63: 0.0074 | I63: 50 | J63: 0.0033 | K63: 14 | L63: 0.0009 | M63: 642 | N63: 0.0419 | O63: 1 | P63: 0.229 | Q63: 0.187 | R63: 0.512 | S63: 70.2 | T63: 4.8 | U63: 433 | V63: 740 | W63: 11 | X63: 70 | Y63: 0 | Z63: 0 | AA63: 0.25 | AB63: 0.19 | AC63: 0.15 | AD63: 48 | AE63: 370 | AF63: 0.12 | AG63: 5.7 | AH63: 0.23 | AI63: 0.44 | AJ63: 1690 | AK63: 0.11 | AL63: 55 | AM63: 0 | AN63: 0.41 | AO63: 8.6 | AP63: 0.34 | AQ63: 0.51 | AR63: 0.13 | AS63: 2 | AT63: 20 | AU63: 0.1 | AV63: 0 | AW63: 0 | AX63: 102 | AY63: 657 | AZ63: 30 | BA63: 2244 | BB63: 0.19 | BC63: 1970 | BD63: 0.23 | BE63: 294 | BF63: 0.08 | BG63: 2 | BH63: 7762:1 | BI63: 3 | BJ63: 5101:1 | BK63: 7 | BL63: 15314:1 | BM63: 3043 | BN63: 0.37 | BO63: 0.27 | BP63: 8486 | BQ63: 0.8 | BR63: 205 | BS63: 90 | BT63: 1438 | BU63: 0.38 | BV63: 264 | BW63: 6627 | BX63: 0.04 | BY63: 0.34 | BZ63: 105648 | CA63: 18070 | CB63: 44459 | CC63: 35.6 | CD63: 5.8 | CE63: 1468 | CF63: 3630 | CG63: 40 | CH63: 17 | CI63: 11 | CJ63: 76 | CK63: 98 | CL63: 9.8 | CM63: No | CN63: 0.15 | CO63: 3904 | CP63: 0.67 | CQ63: 735 | CR63: 0.13 | CS63: 0.79 | CT63: 0.51
A64: Jenkins | B64: 8689 | C64: 4342 | D64: 0.4997 | E64: 3483 | F64: 0.4009 | G64: 121 | H64: 0.0139 | I64: 49 | J64: 0.0056 | K64: 20 | L64: 0.0023 | M64: 614 | N64: 0.0707 | O64: 1 | P64: 0.197 | Q64: 0.172 | R64: 0.468 | S64: 73 | T64: 5 | U64: 204 | V64: 633 | W64: 0 | X64: 0 | Y64: 0 | Z64: 0 | AA64: 0.27 | AB64: 0.2 | AC64: 0.16 | AD64: 29 | AE64: 391 | AF64: 0.14 | AG64: 5.8 | AH64: 0.26 | AI64: 0.43 | AJ64: 1290 | AK64: 0.15 | AL64: 48 | AM64: 0.01 | AN64: 0.43 | AO64: 7.6 | AP64: 0.36 | AQ64: 0.62 | AR64: 0.14 | AS64: 6 | AT64: 12 | AU64: 0.5 | AV64: 0 | AW64: 0 | AX64: 38 | AY64: 439.9 | AZ64: 31 | BA64: 1064 | BB64: 0.18 | BC64: 953 | BD64: 0.22 | BE64: 120 | BF64: 0.07 | BG64: 3 | BH64: 2880:1 | BI64: 0 | BJ64: 0 | BK64: 1 | BL64: 8689:1 | BM64: 4413 | BN64: 0.35 | BO64: 0.28 | BP64: 5388 | BQ64: 0.82 | BR64: 82 | BS64: 83 | BT64: 1048 | BU64: 0.46 | BV64: 141 | BW64: 3324 | BX64: 0.042 | BY64: 0.35 | BZ64: 80820 | CA64: 15619 | CB64: 41830 | CC64: 35.07 | CD64: 5.2 | CE64: 792 | CF64: 1623 | CG64: 49 | CH64: 9 | CI64: 10.4 | CJ64: 42 | CK64: 97 | CL64: 9.1 | CM64: No | CN64: 0.2 | CO64: 2729 | CP64: 0.83 | CQ64: 522 | CR64: 0.16 | CS64: 0.67 | CT64: 0.31
A65: Lincoln | B65: 7841 | C65: 5418 | D65: 0.691 | E65: 2035 | F65: 0.2595 | G65: 43 | H65: 0.0055 | I65: 41 | J65: 0.0052 | K65: 4 | L65: 0.0005 | M65: 176 | N65: 0.0224 | O65: 1 | P65: 0.19 | Q65: 0.256 | R65: 0.52 | S65: 75.1 | T65: 4.5 | U65: 174 | V65: 510 | W65: 0 | X65: 0 | Y65: 0 | Z65: 0 | AA65: 0.21 | AB65: 0.19 | AC65: 0.13 | AD65: 20 | AE65: 298 | AF65: 0.09 | AG65: 5.5 | AH65: 0.21 | AI65: 0.39 | AJ65: 1010 | AK65: 0.13 | AL65: 151 | AM65: 0.02 | AN65: 0.38 | AO65: 7.9 | AP65: 0.3 | AQ65: 0.37 | AR65: 0.14 | AS65: 4 | AT65: 13 | AU65: 0.31 | AV65: 0 | AW65: 0 | AX65: 23 | AY65: 296.8 | AZ65: 14 | BA65: 1259 | BB65: 0.22 | BC65: 1090 | BD65: 0.25 | BE65: 181 | BF65: 0.12 | BG65: 2 | BH65: 3875:1 | BI65: 0 | BJ65: 0 | BK65: 3 | BL65: 2614:1 | BM65: 2295 | BN65: 0.43 | BO65: 0.44 | BP65: 4968 | BQ65: 0.87 | BR65: 74 | BS65: 88 | BT65: 776 | BU65: 0.48 | BV65: 122 | BW65: 3511 | BX65: 0.035 | BY65: 0.25 | BZ65: 108194 | CA65: 22417 | CB65: 69776 | CC65: 36.76 | CD65: 4.8 | CE65: 411 | CF65: 1491 | CG65: 28 | CH65: 12 | CI65: 15.5 | CJ65: 34 | CK65: 86 | CL65: 9.4 | CM65: No | CN65: 0.15 | CO65: 2289 | CP65: 0.76 | CQ65: 351 | CR65: 0.13 | CS65: 0.55 | CT65: 0.43
A66: McDuffie | B66: 21713 | C66: 11514 | D66: 0.5303 | E66: 8772 | F66: 0.404 | G66: 135 | H66: 0.0062 | I66: 94 | J66: 0.0043 | K66: 23 | L66: 0.0011 | M66: 770 | N66: 0.0355 | O66: 0.594 | P66: 0.247 | Q66: 0.187 | R66: 0.528 | S66: 71.9 | T66: 4.3 | U66: 487 | V66: 633 | W66: 25 | X66: 107 | Y66: 20 | Z66: 11 | AA66: 0.21 | AB66: 0.18 | AC66: 0.13 | AD66: 52 | AE66: 291 | AF66: 0.13 | AG66: 5.6 | AH66: 0.21 | AI66: 0.39 | AJ66: 2260 | AK66: 0.1 | AL66: 37 | AM66: 0 | AN66: 0.38 | AO66: 8.6 | AP66: 0.3 | AQ66: 0.51 | AR66: 0.14 | AS66: 4 | AT66: 29 | AU66: 0.14 | AV66: 18 | AW66: 28 | AX66: 173 | AY66: 799.7 | AZ66: 35 | BA66: 2489 | BB66: 0.15 | BC66: 2172 | BD66: 0.18 | BE66: 345 | BF66: 0.06 | BG66: 11 | BH66: 1967:1 | BI66: 12 | BJ66: 1809:1 | BK66: 15 | BL66: 1448:1 | BM66: 3478 | BN66: 0.34 | BO66: 0.45 | BP66: 12578 | BQ66: 0.86 | BR66: 233 | BS66: 83 | BT66: 2232 | BU66: 0.42 | BV66: 372 | BW66: 8409 | BX66: 0.044 | BY66: 0.26 | BZ66: 108966 | CA66: 23918 | CB66: 50593 | CC66: 38.12 | CD66: 4.6 | CE66: 2804 | CF66: 5402 | CG66: 52 | CH66: 25 | CI66: 11.6 | CJ66: 109 | CK66: 102 | CL66: 9.8 | CM66: Yes | CN66: 0.12 | CO66: 5408 | CP66: 0.66 | CQ66: 1132 | CR66: 0.14 | CS66: 0.75 | CT66: 0.34
A67: Richmond | B67: 206640 | C67: 66521 | D67: 0.3219 | E67: 119137 | F67: 0.5765 | G67: 3662 | H67: 0.0177 | I67: 843 | J67: 0.0041 | K67: 530 | L67: 0.0026 | M67: 11419 | N67: 0.0553 | O67: 0.083 | P67: 0.227 | Q67: 0.153 | R67: 0.515 | S67: 72.1 | T67: 4.3 | U67: 4250 | V67: 632 | W67: 198 | X67: 94 | Y67: 220 | Z67: 11 | AA67: 0.22 | AB67: 0.18 | AC67: 0.15 | AD67: 1542 | AE67: 897 | AF67: 0.13 | AG67: 5.4 | AH67: 0.2 | AI67: 0.41 | AJ67: 27640 | AK67: 0.13 | AL67: 42202 | AM67: 0.21 | AN67: 0.44 | AO67: 5.8 | AP67: 0.3 | AQ67: 0.82 | AR67: 0.16 | AS67: 22 | AT67: 155 | AU67: 0.14 | AV67: 196 | AW67: 32 | AX67: 2255 | AY67: 1096.4 | AZ67: 32 | BA67: 24223 | BB67: 0.15 | BC67: 22171 | BD67: 0.19 | BE67: 2263 | BF67: 0.05 | BG67: 183 | BH67: 1124:1 | BI67: 447 | BJ67: 462:1 | BK67: 719 | BL67: 287:1 | BM67: 2701 | BN67: 0.39 | BO67: 0.37 | BP67: 118736 | BQ67: 0.88 | BR67: 2150 | BS67: 74 | BT67: 35726 | BU67: 0.62 | BV67: 3480 | BW67: 82682 | BX67: 0.042 | BY67: 0.26 | BZ67: 100804 | CA67: 20024 | CB67: 50079 | CC67: 39.28 | CD67: 5 | CE67: 24062 | CF67: 47058 | CG67: 51 | CH67: 202 | CI67: 9.8 | CJ67: 1044 | CK67: 103 | CL67: 10.7 | CM67: No | CN67: 0.19 | CO67: 38018 | CP67: 0.51 | CQ67: 12973 | CR67: 0.18 | CS67: 0.84 | CT67: 0.25
A68: Screven | B68: 13977 | C68: 7758 | D68: 0.5551 | E68: 5483 | F68: 0.3923 | G68: 97 | H68: 0.0069 | I68: 69 | J68: 0.0049 | K68: 7 | L68: 0.0005 | M68: 400 | N68: 0.0286 | O68: 1 | P68: 0.201 | Q68: 0.21 | R68: 0.509 | S68: 71.8 | T68: 4.3 | U68: 352 | V68: 643 | W68: 14 | X68: 109 | Y68: 0 | Z68: 0 | AA68: 0.2 | AB68: 0.18 | AC68: 0.13 | AD68: 39 | AE68: 323 | AF68: 0.12 | AG68: 5.4 | AH68: 0.2 | AI68: 0.39 | AJ68: 1580 | AK68: 0.11 | AL68: 1423 | AM68: 0.1 | AN68: 0.4 | AO68: 7.4 | AP68: 0.29 | AQ68: 0.44 | AR68: 0.15 | AS68: 9 | AT68: 22 | AU68: 0.41 | AV68: 0 | AW68: 0 | AX68: 98 | AY68: 694.8 | AZ68: 44 | BA68: 1666 | BB68: 0.16 | BC68: 1494 | BD68: 0.19 | BE68: 185 | BF68: 0.07 | BG68: 2 | BH68: 7053:1 | BI68: 3 | BJ68: 4659:1 | BK68: 5 | BL68: 2795:1 | BM68: 3421 | BN68: 0.36 | BO68: 0.35 | BP68: 8705 | BQ68: 0.85 | BR68: 125 | BS68: 93 | BT68: 1754 | BU68: 0.49 | BV68: 218 | BW68: 5033 | BX68: 0.043 | BY68: 0.3 | BZ68: 108400 | CA68: 21635 | CB68: 52713 | CC68: 37.02 | CD68: 5 | CE68: 1226 | CF68: 2839 | CG68: 43 | CH68: 17 | CI68: 12.1 | CJ68: 74 | CK68: 106 | CL68: 9 | CM68: No | CN68: 0.12 | CO68: 3506 | CP68: 0.74 | CQ68: 298 | CR68: 0.07 | CS68: 0.78 | CT68: 465
A69: Taliaferro | B69: 1600 | C69: 597 | D69: 0.3731 | E69: 829 | F69: 0.5181 | G69: 31 | H69: 0.0194 | I69: 3 | J69: 0.0019 | K69: 0 | L69: 0 | M69: 93 | N69: 0.0581 | O69: 1 | P69: 0.184 | Q69: 0.277 | R69: 0.489 | S69: 0 | T69: 4.5 | U69: 0 | V69: 616 | W69: 0 | X69: 0 | Y69: 0 | Z69: 0 | AA69: 0.24 | AB69: 0.18 | AC69: 0.16 | AD69: 7 | AE69: 510 | AF69: 0.11 | AG69: 5.5 | AH69: 0.22 | AI69: 0.42 | AJ69: 190 | AK69: 0.12 | AL69: 814 | AM69: 0.47 | AN69: 0.43 | AO69: 3.3 | AP69: 0.34 | AQ69: 0.34 | AR69: 0.12 | AS69: 1 | AT69: 14 | AU69: 0.07 | AV69: 0 | AW69: 0 | AX69: 9 | AY69: 577.7 | AZ69: 0 | BA69: 190 | BB69: 0.17 | BC69: 172 | BD69: 0.2 | BE69: 20 | BF69: 0.08 | BG69: 0 | BH69: 1558:1 | BI69: 0 | BJ69: 1600:0 | BK69: 0 | BL69: 0 | BM69: 1500 | BN69: 0.27 | BO69: 0.33 | BP69: 1096 | BQ69: 0.84 | BR69: 0 | BS69: 0 | BT69: 191 | BU69: 0.43 | BV69: 23 | BW69: 541 | BX69: 0.043 | BY69: 0.31 | BZ69: 67250 | CA69: 25500 | CB69: 42138 | CC69: 36.14 | CD69: 2.6 | CE69: 69 | CF69: 239 | CG69: 29 | CH69: 0 | CI69: 0 | CJ69: 0 | CK69: 0 | CL69: 9.4 | CM69: Yes | CN69: 0.17 | CO69: 483 | CP69: 0.75 | CQ69: 69 | CR69: 0.12 | CS69: 0.6 | CT69: 0.49
A70: Warren | B70: 5155 | C70: 2053 | D70: 0.3983 | E70: 2862 | F70: 0.5552 | G70: 41 | H70: 0.008 | I70: 13 | J70: 0.0025 | K70: 0 | L70: 0 | M70: 105 | N70: 0.0204 | O70: 1 | P70: 0.202 | Q70: 0.237 | R70: 0.522 | S70: 72.6 | T70: 4.8 | U70: 142 | V70: 656 | W70: 0 | X70: 0 | Y70: 0 | Z70: 0 | AA70: 0.26 | AB70: 0.19 | AC70: 0.16 | AD70: 19 | AE70: 424 | AF70: 0.13 | AG70: 5.8 | AH70: 0.24 | AI70: 0.43 | AJ70: 710 | AK70: 0.14 | AL70: 72 | AM70: 0.01 | AN70: 0.43 | AO70: 7.8 | AP70: 0.35 | AQ70: 0.1 | AR70: 0.12 | AS70: 1 | AT70: 14 | AU70: 0.07 | AV70: 0 | AW70: 0 | AX70: 40 | AY70: 763.4 | AZ70: 29 | BA70: 611 | BB70: 0.16 | BC70: 545 | BD70: 0.19 | BE70: 71 | BF70: 0.07 | BG70: 3 | BH70: 1747:1 | BI70: 1 | BJ70: 5155:1 | BK70: 2 | BL70: 2578:1 | BM70: 2748 | BN70: 0.33 | BO70: 0.43 | BP70: 2661 | BQ70: 0.72 | BR70: 0 | BS70: 0 | BT70: 544 | BU70: 0.5 | BV70: 102 | BW70: 2691 | BX70: 0.038 | BY70: 0.38 | BZ70: 83259 | CA70: 16250 | CB70: 44367 | CC70: 35.54 | CD70: 5.1 | CE70: 531 | CF70: 1057 | CG70: 50 | CH70: 7 | CI70: 13.4 | CJ70: 37 | CK70: 141 | CL70: 9.6 | CM70: Yes | CN70: 0.11 | CO70: 1393 | CP70: 0.72 | CQ70: 155 | CR70: 0.09 | CS70: 0.61 | CT70: 0.4
A71: Wilkes | B71: 9599 | C71: 4953 | D71: 0.516 | E71: 3721 | F71: 0.3876 | G71: 116 | H71: 0.0121 | I71: 27 | J71: 0.0028 | K71: 6 | L71: 0.0006 | M71: 580 | N71: 0.0604 | O71: 1 | P71: 0.207 | Q71: 0.237 | R71: 0.515 | S71: 73.2 | T71: 4.5 | U71: 232 | V71: 611 | W71: 0 | X71: 0 | Y71: 0 | Z71: 0 | AA71: 0.23 | AB71: 0.19 | AC71: 0.14 | AD71: 27 | AE71: 331 | AF71: 0.1 | AG71: 5.6 | AH71: 0.22 | AI71: 0.42 | AJ71: 1240 | AK71: 0.13 | AL71: 721 | AM71: 0.07 | AN71: 0.41 | AO71: 7.4 | AP71: 0.32 | AQ71: 0.64 | AR71: 0.13 | AS71: 1 | AT71: 12 | AU71: 0.08 | AV71: 0 | AW71: 0 | AX71: 63 | AY71: 662.3 | AZ71: 27 | BA71: 1309 | BB71: 0.19 | BC71: 1147 | BD71: 0.22 | BE71: 174 | BF71: 0.09 | BG71: 4 | BH71: 2378:1 | BI71: 2 | BJ71: 4800:1 | BK71: 2 | BL71: 4800:1 | BM71: 2584 | BN71: 0.38 | BO71: 0.42 | BP71: 5796 | BQ71: 0.83 | BR71: 103 | BS71: 83 | BT71: 815 | BU71: 0.38 | BV71: 150 | BW71: 3701 | BX71: 0.041 | BY71: 0.28 | BZ71: 98862 | CA71: 21416 | CB71: 47377 | CC71: 36.11 | CD71: 4.6 | CE71: 704 | CF71: 1983 | CG71: 36 | CH71: 9 | CI71: 9.6 | CJ71: 40 | CK71: 82 | CL71: 9.5 | CM71: No | CN71: 0.15 | CO71: 2650 | CP71: 0.66 | CQ71: 438 | CR71: 0.12 | CS71: 0.53 | CT71: 0.41
A72: Georgia | B72: 10912876 | C72: 5500388 | D72: 0.504 | E72: 3502283 | F72: 0.3209 | G72: 520964 | H72: 0.0477 | I72: 60396 | J72: 0.0055 | K72: 14944 | L72: 0.0014 | M72: 1140548 | N72: 0.1045 | O72: 0.259 | P72: 0.23 | Q72: 0.151 | R72: 0.512 | S72: 76.1 | T72: 3.6 | U72: 1605720 | V72: 442 | W72: 6677 | X72: 60 | Y72: 6243 | Z72: 7 | AA72: 0.18 | AB72: 0.15 | AC72: 0.11 | AD72: 59422 | AE72: 657 | AF72: 0.1 | AG72: 4.8 | AH72: 0.16 | AI72: 0.34 | AJ72: 1156660 | AK72: 0.11 | AL72: 971060 | AM72: 0.1 | AN72: 0.36 | AO72: 6.4 | AP72: 0.23 | AQ72: 0 | AR72: 0.17 | AS72: 1587 | AT72: 7996 | AU72: 0.2 | AV72: 5824 | AW72: 18 | AX72: 67641 | AY72: 629.1 | AZ72: 20 | BA72: 1311686 | BB72: 0.15 | BC72: 1157416 | BD72: 0.18 | BE72: 169768 | BF72: 0.07 | BG72: 7121 | BH72: 63.209028 | BI72: 5880 | BJ72: 1856:1 | BK72: 19531 | BL72: 559:1 | BM72: 3076 | BN72: 0.41 | BO72: 0.43 | BP72: 6349981 | BQ72: 0.89 | BR72: 129450 | BS72: 85 | BT72: 1889419 | BU72: 0.65 | BV72: 159191 | BW72: 5234292 | BX72: 0.03 | BY72: 0.17 | BZ72: 142334 | CA72: 29355 | CB72: 72742 | CD72: 4.8 | CE72: 766557 | CF72: 2507638 | CG72: 31 | CH72: 9620 | CI72: 8.9 | CJ72: 38685 | CK72: 73 | CL72: 9.4 | CM72: Yes | CN72: 0.15 | CO72: 2565877 | CP72: 0.65 | CQ72: 530193 | CR72: 0.14 | CS72: 0.88 | CT72: 0.42
A73: USA | O73: 0.2 | T73: 3.3 | U73: 8000 | AA73: 0.14 | AF73: 0.08 | AG73: 4.8 | AH73: 0.15 | AI73: 0.34 | AO73: 7.7 | AP73: 0.23 | AQ73: 0.84 | AR73: 0.18 | AS73: x | AT73: x | AU73: 0.26 | AX73: 495.5 | AY73: x | AZ73: 17 | BA73: x | BB73: 0.1 | BG73: x | BH73: 1330:1 | BI73: x | BJ73: 1360:1 | BK73: x | BL73: 13.334028 | BM73: 2681 | BN73: 0.43 | BO73: 0.46 | BP73: x | BQ73: 0.89 | BT73: x | BU73: 0.68 | BV73: x | BW73: x | BX73: 0.037 | BY73: 0.16 | BZ73: x | CA73: x | CD73: 9.1 | CE73: x | CF73: x | CG73: 0.25 | CH73: x | CI73: 9.1 | CJ73: x | CK73: 80 | CL73: 7.4 | CM73: x | CN73: 0.17 | CT73: 0.36

Sheet Raw Data
A1: Key: Data Source
A2: Rural Health Innovation Center: 2018-2022 | B2: HealthyPeople 2030 | C2: Oasis (2018-2023) | D2: CDC (2022): GA state | E2: **indicates average of the data fro those that had more than 1 data source | G2: average
B3: Demographics | W3: Health Behaviors | AU3: Health Outcomes | BB3: Healthcare Workforce | BF3: Other Social & Economic Factors | BI3: Breast | BL3: Cervical | BO3: Colon and Rectum | BR3: Lung | BU3: Prostate
A4: Location | B4: Total Population | C4: Total Population | D4: Population Density (per sq. mi.) | E4: Percent of State Pop. | F4: Male | G4: Male | H4: Female | I4: Female | J4: Male % | K4: Female % | L4: Median Age | M4: Total Population (for determined disability status | N4: Popualtion w/ Disability | O4: Popualtion w/ Disability (%) | P4: Females Ages 15 to 19 | Q4: Teen Pregnancies by Residence | R4: # of Births by Residence | S4: Births to Teens | T4: Pregnancy Rate | U4: Births per 1,000 Teens | V4: Birth Rate | W4: Population Age 18+ | X4: Current Smokers | Y4: Current Smokers, Percent | Z4: Adults Reporting Excessive Drinking | AA4: Percentage of Adults Reporting Excessive Drinking | AB4: Total Population | AC4: Chlammydia Infections | AD4: Chlamydia Infections per 100,000 pop. | AE4: Total Population | AF4: Gonorrhea Infections | AG4: Gonorrhea Infections per 100,000 pop. | AH4: Population Age 13+ | AI4: STD Cases by Residence | AJ4: STD Rate | AK4: Total HIV/AIDS Infections | AL4: Total HIV/AIDS Infections Rate Per 100,000 Pop. | AM4: Total Births | AN4: Infant Deaths (<1 yr old) | AO4: Infant Mortality Rate (per 1,000 births) | AP4: Infant Deaths (<1 yr old) | AQ4: Infant Mortality Rate (per 1,000 births) | AR4: Population Age 20+ | AS4: Adults with BMI > 30.0 (Obese) | AT4: Adults with BMI > 30.0 (Obese), Percent | AU4: Total Population (2019) | AV4: Life Expectancy at Birth (2019) | AW4: Total Population, 2018-2022 Average | AX4: 5 Year Total Death, CHD | AY4: Crude Death Rate (per 100,000 Pop.), CHD | AZ4: Population Age 18+ | BA4: Average Poor Mental Health Days per Month | BB4: Population Estimate | BC4: # of Mental Health Providers | BD4: Mental Health Providers to Population (1/person) | BE4: Mental Health Care Provider Rate (per 100,000 Pop.) | BF4: Population Age 16-19 | BG4: Population Age 16-19 Not in School and Not Employed | BH4: Population Age 16-19 Not in School and Not Employed, Percent | BI4: Estimated Total Population (Female) | BJ4: New Cases (Annual Average) | BK4: Cancer Incidence Rate | BL4: Estimated Total Population (Female) | BM4: New Cases (Annual Average) | BN4: Cancer Incidence Rate | BO4: Estimated Total Population | BP4: New Cases (Annual Average) | BQ4: Cancer Incidence Rate | BR4: Estimated Total Population | BS4: New Cases (Annual Average) | BT4: Cancer Incidence Rate (Per 100,000 Population) | BU4: Estimated Total Population (Male) | BV4: New Cases (Annual Average) | BW4: Cancer Incidence Rate | BX4: Demographics by Age | BY4: Age 0-4 | BZ4: Age 5-17 | CA4: Age 18-24 | CB4: Age 25-34 | CC4: Age 35-44 | CD4: Age 45-54 | CE4: Age 55-64 | CF4: Age 65+ | CG4: White | CH4: Black | CI4: Asian | CJ4: American Indian / Alaska Native | CK4: Native Hawaiian / Pacific Islander | CL4: Some Other Race | CM4: Multiple Races | CN4: Total Households | CO4: Average Household Income | CP4: Median Household Income | CQ4: 1-Person Household | CR4: 2-Person Household | CS4: 3-Person Household | CT4: 4-Person Household | CU4: 5-Person Household | CV4: 6-Person Household | CW4: 7-Person Household | CX4: Under $25,000 | CY4: $25,000 - $49,999 | CZ4: $50,000 - $99,999 | DA4: $100,000 - $199,999 | DB4: $200,000+
A5: Burke | B5: 24337 | C5: 140590 | D5: 29 | E5: 0.2 | F5: 11944 | G5: 66992 | H5: 12393 | I5: 73598 | J5: 0.4908 | K5: 0.5092 | L5: 38.8 | M5: 24134 | N5: 3578 | O5: 0.1483 | P5: 846 | Q5: 173 | R5: 134 | S5: 0 | T5: 18.2 | U5: 0 | V5: 14.1 | W5: 18351 | X5: 3633 | Y5: 0.198 | Z5: 2617 | AA5: 0.1426 | AB5: 24388 | AC5: 169 | AD5: 692.96 | AE5: 24310 | AF5: 70 | AG5: 287.9 | AH5: 20218 | AI5: 1480 | AJ5: 1052.7 | AK5: >10 | AL5: <10 | AM5: 258 | AN5: No data | AO5: No data | AP5: 12 | AQ5: 6.9 | AR5: 17631 | AS5: 5307 | AT5: 0.3 | AU5: 22383 | AV5: 74.14 | AW5: 23230 | AX5: 126 | AY5: 108.5 | AZ5: 18351 | BA5: 5.2 | BB5: 24388 | BC5: 11 | BD5: 2217.1 | BE5: 45.1 | BF5: 1686 | BG5: 99 | BH5: 0.0587 | BI5: 14716 | BJ5: 21 | BK5: 142.7 | BL5: No data | BM5: Suppressed | BN5: Suppressed | BO5: 26397 | BP5: 17 | BQ5: 64.4 | BR5: 29447 | BS5: 24 | BT5: 81.5 | BU5: 13416 | BV5: 15 | BW5: 111.8 | BY5: 1484 | BZ5: 4607 | CA5: 2662 | CB5: 2191 | CC5: 3070 | CD5: 2947 | CE5: 3409 | CF5: 3967 | CG5: 12127 | CH5: 11095 | CI5: 122 | CJ5: 0 | CK5: 0 | CL5: 323 | CM5: 670 | CN5: 8913 | CO5: 77372 | CP5: 50321 | CQ5: 25335 | CR5: 49137 | CS5: 59615 | CT5: 113323 | CU5: 105848 | CV5: 69282 | CW5: 95369 | CX5: 0.278 | CY5: 0.2171 | CZ5: 0.2598 | DA5: 0.1999 | DB5: 0.0451
A6: Columbia | B6: 156921 | C6: 958602 | D6: 541 | E6: 1.5 | F6: 76942 | G6: 468642 | H6: 79979 | I6: 489960 | J6: 0.4903 | K6: 0.5097 | L6: 37.4 | M6: 153471 | N6: 20021 | O6: 0.1305 | P6: 4971 | Q6: 398 | R6: 268 | S6: 12 | T6: 5.9 | U6: 2.41 | V6: 4 | W6: 120343 | X6: 15524 | Y6: 0.129 | Z6: 19831 | AA6: 0.1648 | AB6: 162419 | AC6: 630 | AD6: 387.89 | AE6: 159639 | AF6: 179 | AG6: 112.1 | AH6: 134743 | AI6: 4117 | AJ6: 429.5 | AK6: 10 | AL6: 7.4 | AM6: 1701 | AN6: No data | AO6: No data | AP6: 55 | AQ6: 5.1 | AR6: 116039 | AS6: 38641 | AT6: 0.332 | AU6: 156714 | AV6: 80.46 | AW6: 158688 | AX6: 396 | AY6: 49.9 | AZ6: 120343 | BA6: 4.8 | BB6: 162419 | BC6: 215 | BD6: 755.4 | BE6: 132.4 | BF6: 8219 | BG6: 314 | BH6: 0.0382 | BI6: 90694 | BJ6: 115 | BK6: 126.8 | BL6: 74074 | BM6: 4 | BN6: 5.4 | BO6: 165384 | BP6: 43 | BQ6: 26 | BR6: 164609 | BS6: 80 | BT6: 48.6 | BU6: 84967 | BV6: 104 | BW6: 122.4 | BY6: 9500 | BZ6: 29755 | CA6: 12875 | CB6: 21030 | CC6: 22631 | CD6: 19907 | CE6: 18281 | CF6: 22942 | CG6: 108715 | CH6: 26560 | CI6: 6850 | CJ6: 375 | CK6: 5 | CL6: 4017 | CM6: 10399 | CN6: 50056 | CO6: 114331 | CP6: 92571 | CQ6: 47156 | CR6: 97339 | CS6: 105722 | CT6: 135548 | CU6: 117500 | CV6: 126131 | CW6: 114696 | CX6: 0.1045 | CY6: 0.134 | CZ6: 0.2976 | DA6: 0.3285 | DB6: 0.1355
A7: Emanuel | B7: 22907 | C7: 136529 | D7: 34 | E7: 0.2 | F7: 11621 | G7: 68044 | H7: 11286 | I7: 68485 | J7: 0.5073 | K7: 0.4927 | L7: 37.4 | M7: 22045 | N7: 4687 | O7: 0.2126 | P7: 664 | Q7: 203 | R7: 167 | S7: 31 | T7: 21.5 | U7: 46.69 | V7: 17.7 | W7: 17112 | X7: 4038 | Y7: 0.236 | Z7: 2514 | AA7: 0.1469 | AB7: 22929 | AC7: 215 | AD7: 937.68 | AE7: 22716 | AF7: 72 | AG7: 317 | AH7: 18974 | AI7: 2544 | AJ7: 1130.9 | AK7: >10 | AL7: <10 | AM7: 277 | AN7: No data | AO7: No data | AP7: 14 | AQ7: 8 | AR7: 16352 | AS7: 4791 | AT7: 0.293 | AU7: 22646 | AV7: 73 | AW7: 22682 | AX7: 152 | AY7: 134 | AZ7: 17112 | BA7: 5.6 | BB7: 22929 | BC7: 23 | BD7: 996.9 | BE7: 100.3 | BF7: 1151 | BG7: 113 | BH7: 0.0982 | BI7: 15340 | BJ7: 16 | BK7: 104.3 | BL7: No data | BM7: Suppressed | BN7: Suppressed | BO7: 27173 | BP7: 15 | BQ7: 55.2 | BR7: 28822 | BS7: 23 | BT7: 79.8 | BU7: 13266 | BV7: 16 | BW7: 120.6 | BY7: 1585 | BZ7: 4132 | CA7: 1917 | CB7: 3249 | CC7: 2881 | CD7: 2571 | CE7: 2907 | CF7: 3665 | CG7: 13861 | CH7: 7345 | CI7: 47 | CJ7: 84 | CK7: 0 | CL7: 350 | CM7: 1220 | CN7: 8321 | CO7: 62820 | CP7: 47905 | CQ7: 25012 | CR7: 51113 | CS7: 53969 | CT7: 59097 | CU7: 77353 | CV7: 61429 | CW7: 82188 | CX7: 0.247 | CY7: 0.2813 | CZ7: 0.3069 | DA7: 0.1423 | DB7: 0.0225
A8: Glascock | B8: 2903 | C8: 17762 | D8: 20 | E8: 0 | F8: 1326 | G8: 8815 | H8: 1577 | I8: 8947 | J8: 0.4568 | K8: 0.5432 | L8: 43.2 | M8: 2819 | N8: 455 | O8: 0.1614 | P8: 176 | Q8: 17 | R8: 13 | S8: 0 | T8: 17.1 | U8: 0 | V8: 13.1 | W8: 2301 | X8: 479 | Y8: 0.208 | Z8: 366 | AA8: 0.1592 | AB8: 2939 | AC8: 9 | AD8: 306.23 | AE8: 2919 | AF8: 4 | AG8: 137 | AH8: 2524 | AI8: 54 | AJ8: 304 | AK8: 0 | AL8: 0 | AM8: 27 | AN8: No data | AO8: No data | AP8: 0 | AQ8: 0 | AR8: 2235 | AS8: 400 | AT8: 0.177 | AU8: 2971 | AV8: 73.71 | AW8: 2962 | AX8: 20 | AY8: 135.1 | AZ8: 2301 | BA8: 5.7 | BB8: 0 | BC8: 0 | BD8: No data | BE8: No data | BF8: 185 | BG8: 5 | BH8: 0.027 | BI8: No data | BJ8: Suppressed | BK8: Suppressed | BL8: No data | BM8: Suppressed | BN8: Suppressed | BO8: No data | BP8: Suppressed | BQ8: Suppressed | BR8: 3636 | BS8: 3 | BT8: 82.5 | BU8: No data | BV8: Suppressed | BW8: Suppressed | BY8: 141 | BZ8: 481 | CA8: 294 | CB8: 262 | CC8: 392 | CD8: 424 | CE8: 416 | CF8: 493 | CG8: 2565 | CH8: 307 | CI8: 0 | CJ8: 0 | CK8: 2 | CL8: 0 | CM8: 29 | CN8: 1052 | CO8: 74995 | CP8: 60469 | CQ8: 22679 | CR8: 72564 | CS8: 94167 | CT8: No data | CU8: 195303 | CV8: No data | CW8: 66875 | CX8: 0.2262 | CY8: 0.2186 | CZ8: 0.3165 | DA8: 0.1901 | DB8: 0.0485
A9: Jefferson | B9: 15591 | C9: 92080 | D9: 30 | E9: 0.1 | F9: 7582 | G9: 44715 | H9: 8009 | I9: 47365 | J9: 0.4863 | K9: 0.5137 | L9: 40.7 | M9: 15139 | N9: 2317 | O9: 0.153 | P9: 596 | Q9: 130 | R9: 78 | S9: 12 | T9: 22.6 | U9: 20.13 | V9: 13.5 | W9: 11965 | X9: 2692 | Y9: 0.225 | Z9: 1602 | AA9: 0.1339 | AB9: 15314 | AC9: 138 | AD9: 901.14 | AE9: 15524 | AF9: 38 | AG9: 244.8 | AH9: 12859 | AI9: 974 | AJ9: 1057.8 | AK9: >10 | AL9: <10 | AM9: 176 | AN9: No data | AO9: No data | AP9: 9 | AQ9: 8.7 | AR9: 11572 | AS9: 2812 | AT9: 0.244 | AU9: 15362 | AV9: 72.8 | AW9: 15379 | AX9: 102 | AY9: 132.6 | AZ9: 11965 | BA9: 5.7 | BB9: 15314 | BC9: 1 | BD9: 15314 | BE9: 6.5 | BF9: 977 | BG9: 39 | BH9: 0.0399 | BI9: 10869 | BJ9: 12 | BK9: 110.4 | BL9: No data | BM9: Suppressed | BN9: Suppressed | BO9: 21052 | BP9: 8 | BQ9: 38 | BR9: 21352 | BS9: 18 | BT9: 84.3 | BU9: 9685 | BV9: 16 | BW9: 165.2 | BY9: 921 | BZ9: 2709 | CA9: 1411 | CB9: 1778 | CC9: 1987 | CD9: 1786 | CE9: 2123 | CF9: 2876 | CG9: 6737 | CH9: 8138 | CI9: 68 | CJ9: 9 | CK9: 0 | CL9: 403 | CM9: 236 | CN9: 5826 | CO9: 64495 | CP9: 46865 | CQ9: 24311 | CR9: 53385 | CS9: 73668 | CT9: 57794 | CU9: 53901 | CV9: 107794 | CW9: 81750 | CX9: 0.2836 | CY9: 0.2439 | CZ9: 0.2592 | DA9: 0.1924 | DB9: 0.0209
A10: Jenkins | B10: 8704 | C10: 52060 | D10: 25 | E10: 0.1 | F10: 4357 | G10: 27749 | H10: 4347 | I10: 24311 | J10: 0.5006 | K10: 0.4994 | L10: 44 | M10: 7919 | N10: 1738 | O10: 0.2195 | P10: 305 | Q10: 48 | R10: 44 | S10: 0 | T10: 17.1 | U10: 0 | V10: 15.7 | W10: 6935 | X10: 1775 | Y10: 0.256 | Z10: 938 | AA10: 0.1353 | AB10: 8689 | AC10: 39 | AD10: 448.84 | AE10: 8639 | AF10: 16 | AG10: 185.2 | AH10: 7487 | AI10: 322 | AJ10: 618.5 | AK10: >10 | AL10: <10 | AM10: 90 | AN10: No data | AO10: No data | AP10: 3 | AQ10: <4 | AR10: 6726 | AS10: 1426 | AT10: 0.213 | AU10: 8676 | AV10: 73.61 | AW10: 8687 | AX10: 31 | AY10: 71.4 | AZ10: 6935 | BA10: 5.8 | BB10: 8689 | BC10: 1 | BD10: 8689 | BE10: 11.5 | BF10: 440 | BG10: 35 | BH10: 0.0795 | BI10: 5993 | BJ10: 7 | BK10: 116.8 | BL10: No data | BM10: Suppressed | BN10: Suppressed | BO10: No data | BP10: Suppressed | BQ10: Suppressed | BR10: 12145 | BS10: 6 | BT10: 49.4 | BU10: 5405 | BV10: 4 | BW10: 74 | BY10: 266 | BZ10: 1357 | CA10: 474 | CB10: 910 | CC10: 1379 | CD10: 915 | CE10: 1552 | CF10: 1851 | CG10: 4985 | CH10: 3036 | CI10: 2 | CJ10: 2 | CK10: 0 | CL10: 299 | CM10: 380 | CN10: 3297 | CO10: 48434 | CP10: 31463 | CQ10: 23161 | CR10: 31690 | CS10: 62264 | CT10: 40039 | CU10: 49979 | CV10: No data | CW10: No data | CX10: 0.4146 | CY10: 0.2718 | CZ10: 0.1783 | DA10: 0.1332 | DB10: 0.0021
A11: Lincoln | B11: 7726 | C11: 47336 | D11: 37 | E11: 0.1 | F11: 3794 | G11: 22946 | H11: 3932 | I11: 24390 | J11: 0.4911 | K11: 0.5089 | L11: 47.1 | M11: 7639 | N11: 1434 | O11: 0.1877 | P11: 291 | Q11: 21 | R11: 16 | S11: 0 | T11: 8.5 | U11: 0 | V11: 6.5 | W11: 6276 | X11: 1343 | Y11: 0.214 | Z11: 858 | AA11: 0.1368 | AB11: 7841 | AC11: 21 | AD11: 267.82 | AE11: 7749 | AF11: 15 | AG11: 193.6 | AH11: 6797 | AI11: 209 | AJ11: 441.5 | AK11: >10 | AL11: <10 | AM11: 78 | AN11: No data | AO11: No data | AP11: 2 | AQ11: <4 | AR11: 6154 | AS11: 1200 | AT11: 0.195 | AU11: 7921 | AV11: 76.67 | AW11: 7891 | AX11: 42 | AY11: 106.4 | AZ11: 6276 | BA11: 5.7 | BB11: 7841 | BC11: 3 | BD11: 2613.7 | BE11: 38.3 | BF11: 413 | BG11: 16 | BH11: 0.0387 | BI11: 6482 | BJ11: 8 | BK11: 123.4 | BL11: No data | BM11: Suppressed | BN11: Suppressed | BO11: 13452 | BP11: 6 | BQ11: 44.6 | BR11: 12784 | BS11: 9 | BT11: 70.4 | BU11: 7568 | BV11: 8 | BW11: 105.7 | BY11: 315 | BZ11: 1176 | CA11: 540 | CB11: 654 | CC11: 953 | CD11: 910 | CE11: 1265 | CF11: 1913 | CG11: 5302 | CH11: 2175 | CI11: 6 | CJ11: 0 | CK11: 0 | CL11: 85 | CM11: 158 | CN11: 3015 | CO11: 71037 | CP11: 50754 | CQ11: 17546 | CR11: 54880 | CS11: 46447 | CT11: 101060 | CU11: 170192 | CV11: No data | CW11: No data | CX11: 0.2315 | CY11: 0.2627 | CZ11: 0.2342 | DA11: 0.2338 | DB11: 0.0378
A12: McDuffie | B12: 21715 | C12: 129150 | D12: 84 | E12: 0.2 | F12: 10508 | G12: 60679 | H12: 11207 | I12: 68471 | J12: 0.4839 | K12: 0.5161 | L12: 38.5 | M12: 21469 | N12: 2634 | O12: 0.1227 | P12: 526 | Q12: 194 | R12: 147 | S12: 0 | T12: 21.5 | U12: 0 | V12: 16.3 | W12: 16278 | X12: 3386 | Y12: 0.208 | Z12: 2258 | AA12: 0.1388 | AB12: 21713 | AC12: 197 | AD12: 907.29 | AE12: 21633 | AF12: 111 | AG12: 513.1 | AH12: 17975 | AI12: 1491 | AJ12: 1154.5 | AK12: >10 | AL12: <10 | AM12: 266 | AN12: No data | AO12: No data | AP12: 14 | AQ12: 8.8 | AR12: 15760 | AS12: 4271 | AT12: 0.271 | AU12: 21312 | AV12: 74.17 | AW12: 21470 | AX12: 126 | AY12: 117.4 | AZ12: 16278 | BA12: 5.5 | BB12: 21713 | BC12: 15 | BD12: 1447.5 | BE12: 69.1 | BF12: 1028 | BG12: 116 | BH12: 0.1128 | BI12: 13494 | BJ12: 19 | BK12: 140.8 | BL12: No data | BM12: Suppressed | BN12: Suppressed | BO12: 28192 | BP12: 17 | BQ12: 60.3 | BR12: 30349 | BS12: 20 | BT12: 65.9 | BU12: 13706 | BV12: 25 | BW12: 182.4 | BY12: 1358 | BZ12: 4044 | CA12: 1608 | CB12: 2770 | CC12: 2500 | CD12: 2534 | CE12: 3008 | CF12: 3893 | CG12: 11864 | CH12: 8938 | CI12: 34 | CJ12: 0 | CK12: 0 | CL12: 274 | CM12: 605 | CN12: 8212 | CO12: 72508 | CP12: 54752 | CQ12: 29357 | CR12: 57083 | CS12: 58690 | CT12: 71274 | CU12: No data | CV12: No data | CW12: No data | CX12: 0.2105 | CY12: 0.2407 | CZ12: 0.3162 | DA12: 0.2019 | DB12: 0.0306
A13: Richmond | B13: 206153 | C13: 1223878 | D13: 636 | E13: 1.9 | F13: 99791 | G13: 593236 | H13: 106362 | I13: 630642 | J13: 0.4841 | K13: 0.5159 | L13: 34.8 | M13: 194852 | N13: 35690 | O13: 0.1832 | P13: 6738 | Q13: 1681 | R13: 1146 | S13: 188 | T13: 22.3 | U13: 27.9 | V13: 15.2 | W13: 159044 | X13: 31173 | Y13: 0.196 | Z13: 24865 | AA13: 0.1563 | AB13: 206640 | AC13: 2361 | AD13: 1142.57 | AE13: 205673 | AF13: 1099 | AG13: 534.3 | AH13: 173064 | AI13: 22104 | AJ13: 1806.1 | AK13: 70 | AL13: 40.4 | AM13: 2871 | AN13: 29 | AO13: 10.2 | AP13: 164 | AQ13: 10.1 | AR13: 152129 | AS13: 57809 | AT13: 0.381 | AU13: 202518 | AV13: 74.18 | AW13: 203693 | AX13: 976 | AY13: 95.8 | AZ13: 159044 | BA13: 5.6 | BB13: 206640 | BC13: 719 | BD13: 287.4 | BE13: 347.9 | BF13: 11592 | BG13: 1226 | BH13: 0.1058 | BI13: 122131 | BJ13: 165 | BK13: 135.1 | BL13: 95652 | BM13: 11 | BN13: 11.5 | BO13: 216666 | BP13: 78 | BQ13: 36 | BR13: 228985 | BS13: 158 | BT13: 69 | BU13: 107355 | BV13: 162 | BW13: 150.9 | BY13: 13503 | BZ13: 33728 | CA13: 23345 | CB13: 32995 | CC13: 24866 | CD13: 22088 | CE13: 25637 | CF13: 29991 | CG13: 71015 | CH13: 115235 | CI13: 3659 | CJ13: 252 | CK13: 148 | CL13: 3907 | CM13: 11937 | CN13: 74028 | CO13: 70310 | CP13: 50605 | CQ13: 31083 | CR13: 60608 | CS13: 65208 | CT13: 74934 | CU13: 63995 | CV13: 82438 | CW13: 68942 | CX13: 0.2562 | CY13: 0.2397 | CZ13: 0.3005 | DA13: 0.1585 | DB13: 0.0452
A14: Screven | B14: 14026 | C14: 84172 | D14: 22 | E14: 0.1 | F14: 6742 | G14: 41512 | H14: 7284 | I14: 42660 | J14: 0.4807 | K14: 0.5193 | L14: 41.9 | M14: 13674 | N14: 2109 | O14: 0.1542 | P14: 393 | Q14: 107 | R14: 85 | S14: 0 | T14: 25.3 | U14: 0 | V14: 20.1 | W14: 11274 | X14: 2244 | Y14: 0.199 | Z14: 1637 | AA14: 0.1452 | AB14: 13977 | AC14: 98 | AD14: 701.15 | AE14: 14105 | AF14: 39 | AG14: 276.5 | AH14: 11972 | AI14: 740 | AJ14: 879.2 | AK14: >10 | AL14: <10 | AM14: 167 | AN14: No data | AO14: No data | AP14: 9 | AQ14: 8.9 | AR14: 10899 | AS14: 2703 | AT14: 0.248 | AU14: 13966 | AV14: 74.94 | AW14: 14000 | AX14: 85 | AY14: 121.4 | AZ14: 11274 | BA14: 5.4 | BB14: 13977 | BC14: 5 | BD14: 2795.4 | BE14: 35.8 | BF14: 525 | BG14: 127 | BH14: 0.2419 | BI14: 10560 | BJ14: 13 | BK14: 123.1 | BL14: No data | BM14: Suppressed | BN14: Suppressed | BO14: 21231 | BP14: 10 | BQ14: 47.1 | BR14: 21604 | BS14: 14 | BT14: 64.8 | BU14: 10840 | BV14: 12 | BW14: 110.7 | BY14: 763 | BZ14: 2123 | CA14: 890 | CB14: 1766 | CC14: 1845 | CD14: 1687 | CE14: 2168 | CF14: 2784 | CG14: 7938 | CH14: 5629 | CI14: 56 | CJ14: 12 | CK14: 0 | CL14: 39 | CM14: 352 | CN14: 4727 | CO14: 73243 | CP14: 49941 | CQ14: 23094 | CR14: 59286 | CS14: 72697 | CT14: 115568 | CU14: 39129 | CV14: 96731 | CW14: 63125 | CX14: 0.2405 | CY14: 0.2598 | CZ14: 0.2634 | DA14: 0.1963 | DB14: 0.04
A15: Taliaferro | B15: 1635 | C15: 9474 | D15: 8 | E15: 0 | F15: 734 | G15: 4746 | H15: 901 | I15: 4728 | J15: 0.4489 | K15: 0.5511 | L15: 47.2 | M15: 1630 | N15: 369 | O15: 0.2264 | P15: 7 | Q15: 5 | R15: 4 | S15: 0 | T15: 12.3 | U15: 0 | V15: >4 | W15: 1271 | X15: 282 | Y15: 0.222 | Z15: 148 | AA15: 0.1166 | AB15: 1600 | AC15: 10 | AD15: 625 | AE15: 1558 | AF15: 3 | AG15: 192.6 | AH15: 1392 | AI15: 69 | AJ15: 728.3 | AK15: 0 | AL15: 0 | AM15: 14 | AN15: No data | AO15: No data | AP15: 0 | AQ15: 0 | AR15: 1280 | AS15: 215 | AT15: 0.17 | AU15: 1537 | AV15: 74.8 | AW15: 1573 | AX15: No data | AY15: No data | AZ15: 1271 | BA15: 5.5 | BB15: 0 | BC15: 0 | BD15: No data | BE15: No data | BF15: 24 | BG15: 0 | BH15: 0 | BI15: No data | BJ15: Suppressed | BK15: Suppressed | BL15: No data | BM15: Suppressed | BN15: Suppressed | BO15: No data | BP15: Suppressed | BQ15: Suppressed | BR15: No data | BS15: Suppressed | BT15: Suppressed | BU15: No data | BV15: Suppressed | BW15: Suppressed | BY15: 67 | BZ15: 172 | CA15: 96 | CB15: 243 | CC15: 206 | CD15: 208 | CE15: 186 | CF15: 457 | CG15: 599 | CH15: 822 | CI15: 1 | CJ15: 0 | CK15: 4 | CL15: 117 | CM15: 92 | CN15: 643 | CO15: 54144 | CP15: 45881 | CQ15: 41053 | CR15: 32639 | CS15: 68750 | CT15: 64224 | CU15: No data | CV15: No data | CW15: No data | CX15: 0.1928 | CY15: 0.3795 | CZ15: 0.3173 | DA15: 0.0995 | DB15: 0.0109
A16: Warren | B16: 5197 | C16: 31238 | D16: 18 | E16: 0 | F16: 2405 | G16: 14789 | H16: 2792 | I16: 16449 | J16: 0.4628 | K16: 0.5372 | L16: 45.3 | M16: 5122 | N16: 932 | O16: 0.182 | P16: 178 | Q16: 40 | R16: 28 | S16: 0 | T16: 21.8 | U16: 0 | V16: 15.3 | W16: 4180 | X16: 995 | Y16: 0.238 | Z16: 508 | AA16: 0.1216 | AB16: 5155 | AC16: 50 | AD16: 969.93 | AE16: 5240 | AF16: 20 | AG16: 381.7 | AH16: 4422 | AI16: 347 | AJ16: 1110.8 | AK16: 0 | AL16: 0 | AM16: 55 | AN16: No data | AO16: No data | AP16: 3 | AQ16: <4 | AR16: 4054 | AS16: 827 | AT16: 0.205 | AU16: 5254 | AV16: 74.83 | AW16: 5226 | AX16: 45 | AY16: 172.2 | AZ16: 4180 | BA16: 5.8 | BB16: 5155 | BC16: 2 | BD16: 2577.5 | BE16: 38.8 | BF16: 211 | BG16: 7 | BH16: 0.0332 | BI16: 4345 | BJ16: 8 | BK16: 184.1 | BL16: No data | BM16: Suppressed | BN16: Suppressed | BO16: 7278 | BP16: 5 | BQ16: 68.7 | BR16: 8918 | BS16: 8 | BT16: 89.7 | BU16: 3906 | BV16: 4 | BW16: 102.4 | BY16: 277 | BZ16: 780 | CA16: 448 | CB16: 502 | CC16: 579 | CD16: 619 | CE16: 814 | CF16: 1178 | CG16: 1995 | CH16: 3104 | CI16: 24 | CJ16: 0 | CK16: 0 | CL16: 0 | CM16: 74 | CN16: 1945 | CO16: 57899 | CP16: 45091 | CQ16: 32630 | CR16: 41948 | CS16: 53264 | CT16: 84821 | CU16: 63958 | CV16: No data | CW16: 29000 | CX16: 0.2463 | CY16: 0.3285 | CZ16: 0.2746 | DA16: 0.1296 | DB16: 0.0211
A17: Wilkes | B17: 9610 | C17: 57977 | D17: 20 | E17: 0.1 | F17: 4947 | G17: 27889 | H17: 4663 | I17: 30088 | J17: 0.5148 | K17: 0.4852 | L17: 45.5 | M17: 9510 | N17: 1465 | O17: 0.154 | P17: 147 | Q17: 63 | R17: 44 | S17: 0 | T17: 18.1 | U17: 0 | V17: 12.6 | W17: 7547 | X17: 1638 | Y17: 0.217 | Z17: 980 | AA17: 0.1299 | AB17: 9599 | AC17: 69 | AD17: 718.82 | AE17: 9513 | AF17: 45 | AG17: 473 | AH17: 8225 | AI17: 530 | AJ17: 914.2 | AK17: >10 | AL17: <10 | AM17: 94 | AN17: No data | AO17: No data | AP17: 3 | AQ17: <4 | AR17: 7342 | AS17: 1417 | AT17: 0.193 | AU17: 9777 | AV17: 74.86 | AW17: 9692 | AX17: 54 | AY17: 111.4 | AZ17: 7547 | BA17: 5.6 | BB17: 9599 | BC17: 2 | BD17: 4799.5 | BE17: 20.8 | BF17: 360 | BG17: 14 | BH17: 0.0389 | BI17: 8431 | BJ17: 10 | BK17: 118.6 | BL17: No data | BM17: Suppressed | BN17: Suppressed | BO17: 17331 | BP17: 10 | BQ17: 57.7 | BR17: 16920 | BS17: 10 | BT17: 59.1 | BU17: 7751 | BV17: 8 | BW17: 103.2 | BY17: 521 | BZ17: 1462 | CA17: 612 | CB17: 1153 | CC17: 1001 | CD17: 1145 | CE17: 1470 | CF17: 2246 | CG17: 5126 | CH17: 3869 | CI17: 0 | CJ17: 16 | CK17: 0 | CL17: 276 | CM17: 323 | CN17: 4032 | CO17: 67375 | CP17: 51780 | CQ17: 24757 | CR17: 61413 | CS17: 62857 | CT17: 86289 | CU17: 80184 | CV17: No data | CW17: No data | CX17: 0.2582 | CY17: 0.2106 | CZ17: 0.3366 | DA17: 0.1746 | DB17: 0.0201
A18: Georgia (State) | B18: 10722325 | C18: 64588584 | D18: 186 | E18: 100 | F18: 5244476 | G18: 31452814 | H18: 5477849 | I18: 33135770 | J18: 0.4891 | K18: 0.5109 | L18: 37.2 | M18: 10531900 | N18: 1336645 | O18: 0.1269 | P18: 372109 | Q18: 56188 | R18: 39978 | S18: 4714 | T18: 12.9 | U18: 12.67 | V18: 9.2 | W18: 8315530 | X18: 1297223 | Y18: 0.156 | Z18: 1380818 | AA18: 0.1661 | AB18: 10912876 | AC18: 72662 | AD18: 665.84 | AE18: 10912876 | AF18: 31450 | AG18: 288.2 | AH18: 9170559 | AI18: 603324 | AJ18: 934.1 | AK18: 2511 | AL18: 27.4 | AM18: 124310 | AN18: 534 | AO18: 4.3 | AP18: 5109 | AQ18: 6.8 | AR18: 7979399 | AS18: 2382343 | AT18: 0.297 | AU18: 10617423 | AV18: 78.01 | AW18: 10711871 | AX18: 40886 | AY18: 76.3 | AZ18: 16631473 | BA18: 4.9 | BB18: 10912880 | BC18: 19531 | BD18: 558.7 | BE18: 179 | BF18: 602479 | BG18: 47447 | BH18: 0.0788 | BI18: 6241486 | BJ18: 8064 | BK18: 129.2 | BL18: 5487500 | BM18: 439 | BN18: 8 | BO18: 11567430 | BP18: 4546 | BQ18: 39.3 | BR18: 11891191 | BS18: 6885 | BT18: 57.9 | BU18: 5724573 | BV18: 7711 | BW18: 134.7 | BY18: 635299 | BZ18: 1877246 | CA18: 1051160 | CB18: 1475136 | CC18: 1420198 | CD18: 1401400 | CE18: 1321441 | CF18: 1540445 | CG18: 5820019 | CH18: 3373948 | CI18: 465487 | CJ18: 37920 | CK18: 7411 | CL18: 378659 | CM18: 638881 | CN18: 3946490 | CO18: 99345 | CP18: 71355 | CQ18: 38351 | CR18: 78456 | CS18: 89398 | CT18: 105220 | CU18: 95131 | CV18: 93261 | CW18: 105104 | CX18: 0.2299 | CY18: 0.2251 | CZ18: 0.2993 | DA18: 0.1977 | DB18: 0.048
A19: United States (as a whole) | B19: 331097593 | D19: 94 | F19: 164200298 | H19: 166897295 | J19: 0.4959 | K19: 0.5041 | L19: 38.5 | M19: 326147510 | N19: 41941456 | O19: 0.1286 | P19: 10683985 | S19: 102904 | U19: 9.63 | W19: 259755978 | X19: 36442044 | Y19: 0.14 | Z19: 47041079 | AA19: 0.1811 | AB19: 333287557 | AC19: 1649716 | AD19: 495 | AE19: 333287557 | AF19: 648056 | AG19: 194.4 | AH19: 282494087 | AK19: 37601 | AL19: 13.3 | AM19: 3674943 | AN19: 15057 | AO19: 4.1 | AR19: 232757930 | AS19: 70168831 | AT19: 0.301 | AU19: 328239523 | AV19: 79.05 | AW19: 330014476 | AX19: 1856446 | AY19: 112.5 | AZ19: 519512095 | BA19: 4.9 | BB19: 333266937 | BC19: 1045210 | BD19: 318.9 | BE19: 313.6 | BF19: 17571402 | BG19: 1220306 | BH19: 0.0694 | BI19: 196653543 | BJ19: 249750 | BK19: 127 | BL19: 167373333 | BM19: 12553 | BN19: 7.5 | BO19: 378139726 | BP19: 138021 | BQ19: 36.5 | BR19: 398716666 | BS19: 215307 | BT19: 54 | BU19: 192519457 | BV19: 212734 | BW19: 110.5 | BY19: 19004925 | BZ19: 54208780 | CA19: 31282896 | CB19: 45388153 | CC19: 42810359 | CD19: 41087357 | CE19: 42577475 | CF19: 54737648 | CG19: 218123424 | CH19: 41288572 | CI19: 19112979 | CJ19: 2786431 | CK19: 624863 | CL19: 20018544 | CM19: 29142780 | CN19: 125736353 | CO19: 105833 | CP19: 75149 | CQ19: 38445 | CR19: 83185 | CS19: 97644 | CT19: 113664 | CU19: 106473 | CV19: 104420 | CW19: 113370 | CX19: 0.1478 | CY19: 0.1805 | CZ19: 0.2962 | DA19: 0.2611 | DB19: 0.1143
B20: Total Population | F20: Male | G20: Female | I20: Demographics by Age | J20: Age 0-4 | K20: Age 5-17 | L20: Age 18-24 | M20: Age 25-34 | N20: Age 35-44 | O20: Age 45-54 | P20: Age 55-64 | Q20: Age 65+
A21: Burke | B21: =AVERAGE(B5:C5) -> 82463.5 | F21: =AVERAGE(F5:G5) -> 39468 | G21: =AVERAGE(H5:I5) -> 42995.5 | J21: 1484 | K21: 4607 | L21: 2662 | M21: 2191 | N21: 3070 | O21: 2947 | P21: 3409 | Q21: 3967 | AA21: =AVERAGE(AA5:AA17) -> 0.14060769 | AS21: =AVERAGE(AT5:AT17) -> 0.24784615
A22: Columbia | B22: =AVERAGE(B6:C6) -> 557761.5 | F22: =AVERAGE(F6:G6) -> 272792 | G22: =AVERAGE(H6:I6) -> 284969.5 | J22: 9500 | K22: 29755 | L22: 12875 | M22: 21030 | N22: 22631 | O22: 19907 | P22: 18281 | Q22: 22942
A23: Emanuel | B23: =AVERAGE(B7:C7) -> 79718 | F23: =AVERAGE(F7:G7) -> 39832.5 | G23: =AVERAGE(H7:I7) -> 39885.5 | J23: 1585 | K23: 4132 | L23: 1917 | M23: 3249 | N23: 2881 | O23: 2571 | P23: 2907 | Q23: 3665
A24: Glascock | B24: =AVERAGE(B8:C8) -> 10332.5 | F24: =AVERAGE(F8:G8) -> 5070.5 | G24: =AVERAGE(H8:I8) -> 5262 | J24: 141 | K24: 481 | L24: 294 | M24: 262 | N24: 392 | O24: 424 | P24: 416 | Q24: 493
A25: Jefferson | B25: =AVERAGE(B9:C9) -> 53835.5 | F25: =AVERAGE(F9:G9) -> 26148.5 | G25: =AVERAGE(H9:I9) -> 27687 | J25: 921 | K25: 2709 | L25: 1411 | M25: 1778 | N25: 1987 | O25: 1786 | P25: 2123 | Q25: 2876
A26: Jenkins | B26: =AVERAGE(B10:C10) -> 30382 | F26: =AVERAGE(F10:G10) -> 16053 | G26: =AVERAGE(H10:I10) -> 14329 | J26: 266 | K26: 1357 | L26: 474 | M26: 910 | N26: 1379 | O26: 915 | P26: 1552 | Q26: 1851
A27: Lincoln | B27: =AVERAGE(B11:C11) -> 27531 | F27: =AVERAGE(F11:G11) -> 13370 | G27: =AVERAGE(H11:I11) -> 14161 | J27: 315 | K27: 1176 | L27: 540 | M27: 654 | N27: 953 | O27: 910 | P27: 1265 | Q27: 1913
A28: McDuffie | B28: =AVERAGE(B12:C12) -> 75432.5 | F28: =AVERAGE(F12:G12) -> 35593.5 | G28: =AVERAGE(H12:I12) -> 39839 | J28: 1358 | K28: 4044 | L28: 1608 | M28: 2770 | N28: 2500 | O28: 2534 | P28: 3008 | Q28: 3893
A29: Richmond | B29: =AVERAGE(B13:C13) -> 715015.5 | F29: =AVERAGE(F13:G13) -> 346513.5 | G29: =AVERAGE(H13:I13) -> 368502 | J29: 13503 | K29: 33728 | L29: 23345 | M29: 32995 | N29: 24866 | O29: 22088 | P29: 25637 | Q29: 29991
A30: Screven | B30: =AVERAGE(B14:C14) -> 49099 | F30: =AVERAGE(F14:G14) -> 24127 | G30: =AVERAGE(H14:I14) -> 24972 | J30: 763 | K30: 2123 | L30: 890 | M30: 1766 | N30: 1845 | O30: 1687 | P30: 2168 | Q30: 2784
A31: Taliaferro | B31: =AVERAGE(B15:C15) -> 5554.5 | F31: =AVERAGE(F15:G15) -> 2740 | G31: =AVERAGE(H15:I15) -> 2814.5 | J31: 67 | K31: 172 | L31: 96 | M31: 243 | N31: 206 | O31: 208 | P31: 186 | Q31: 457
A32: Warren | B32: =AVERAGE(B16:C16) -> 18217.5 | F32: =AVERAGE(F16:G16) -> 8597 | G32: =AVERAGE(H16:I16) -> 9620.5 | J32: 277 | K32: 780 | L32: 448 | M32: 502 | N32: 579 | O32: 619 | P32: 814 | Q32: 1178
A33: Wilkes | B33: =AVERAGE(B17:C17) -> 33793.5 | F33: =AVERAGE(F17:G17) -> 16418 | G33: =AVERAGE(H17:I17) -> 17375.5 | J33: 521 | K33: 1462 | L33: 612 | M33: 1153 | N33: 1001 | O33: 1145 | P33: 1470 | Q33: 2246
A34: Georgia (State) | B34: =AVERAGE(B18:C18) -> 37655454 | F34: =AVERAGE(F18:G18) -> 18348645 | G34: =AVERAGE(H18:I18) -> 19306810 | J34: 635299 | K34: 1877246 | L34: 1051160 | M34: 1475136 | N34: 1420198 | O34: 1401400 | P34: 1321441 | Q34: 1540445
A35: United States (as a whole) | J35: 19004925 | K35: 54208780 | L35: 31282896 | M35: 45388153 | N35: 42810359 | O35: 41087357 | P35: 42577475 | Q35: 54737648
B41: dm
A47: Data Type | B47: Reduce Number od Diabetes Casses Diagnosed Yearly | C47: Reduce the proportion of adults with obesity | D47: Reduce the Proporton of Children and Adolescents with Obesity | E47: Reduce Current Tobacco Use in Adults | F47: Reduce the Rate of Infant Deaths Within First Year of Life
A48: Recent Data | B48: 5.5/1000 | C48: 0.418 | D48: 0.197 | E48: 0.202 | F48: 5.4/1000
A49: Target | B49: 4.8/1000 | C49: 0.36 | D49: 0.155 | E49: 0.174 | F49: 5.0/1000
D50: *Age adjusted to year 2000 standard population
A54: Legend: Program Codes
A55: 01 - Family Planning | C55: 92 - Environmental Health
A56: 02 - STD | C56: 98 - Pregnancy Test (Non FP)
A57: 04 - Adult Health | C57: 44 - Tuberculosis
A58: 05 - Dental Clinic | C58: 45 - PPD/TST
A59: 07 - Project Impact Clinical | C59: 55 - Women's Health
A60: 11 - Immunizations | C60: 57 - Colposcopy
A61: 13 - Travel | C61: 66 - Hypertension Management
A62: 22 - Child Health | C62: 67 - Breast and Cervical Cancer Program
A63: 88 - Prenatal | C63: 84 - Perinatal Case Mgmt.
A64: Average County Visits by Program FY2010-FY2024
B65: Burke | C65: Columbia | D65: Emanuel | E65: Glascock | F65: Jefferson | G65: Jenkins | H65: Lincoln | I65: McDuffie | J65: Screven | K65: Taliafero | L65: Warren | M65: Wilkes | N65: Richmond (Laney) | O65: Richmond (S. Augusta)
A66: FP-01 | B66: 830.1875 | C66: 1011.6875 | D66: 860.1875 | E66: 73.125 | F66: 757.625 | G66: 166.3125 | H66: 295.4375 | I66: 711.0625 | J66: 351.625 | K66: 111.3125 | L66: 122.625 | M66: 349.4375 | N66: 959.0625 | O66: 2018.5 | P66: =SUM(B66:O66) -> 8618.1875 | Q66: 3 | S66: IMM-11 | T66: =1 -> 1
A67: AH-04 | B67: 453.3125 | C67: 346.75 | D67: 221.75 | E67: 113.25 | F67: 136.25 | G67: 42.875 | H67: 173.75 | I67: 235.25 | J67: 96.4375 | K67: 40.4375 | L67: 22 | M67: 51.3125 | N67: 178.375 | O67: 628.875 | P67: =SUM(B67:O67) -> 2740.625 | Q67: 8 | S67: PT-98 | T67: =2 -> 2
A68: BT-67 | B68: 42.5625 | C68: 1.5 | D68: 76.4375 | E68: 0.75 | F68: 43.5625 | G68: 0.125 | H68: 3.125 | I68: 42.8125 | J68: 0.25 | K68: 1.1875 | L68: 11.75 | M68: 11.3125 | N68: 33.75 | O68: 69.875 | P68: =SUM(B68:O68) -> 339 | Q68: 11 | S68: FP-01 | T68: =3 -> 3
A69: CH-22 | B69: 167.25 | C69: 1.5 | D69: 1847.125 | E69: 52.9375 | F69: 94.25 | G69: 72.75 | H69: 141.9375 | I69: 77.3125 | J69: 207.6875 | K69: 26.9375 | L69: 39.25 | M69: 93.6875 | N69: 260.3125 | O69: 813.75 | P69: =SUM(B69:O69) -> 3896.6875 | Q69: 6
A70: COLPO-57 | B70: 2.125 | C70: 27.0625 | D70: 5.875 | E70: 0 | F70: 0.5 | G70: 0.125 | H70: 0.5 | I70: 18.5 | J70: 0.0625 | K70: 0 | L70: 0 | M70: 0 | N70: 0 | O70: 15.625 | P70: =SUM(B70:O70) -> 70.375 | Q70: 13
A71: HMOP-66 | B71: 326 | C71: 5.25 | D71: 11.8125 | E71: 9.0625 | F71: 8.125 | G71: 12.25 | H71: 31.9375 | I71: 43.8125 | J71: 25.4375 | K71: 12.4375 | L71: 1.4375 | M71: 3.5625 | N71: 27.8125 | O71: 255.9375 | P71: =SUM(B71:O71) -> 774.875 | Q71: 9
A72: IMM-11 | B72: 805.1875 | C72: 4433.4375 | D72: 3319.5 | E72: 380.9375 | F72: 985.4375 | G72: 567.8125 | H72: 480.6875 | I72: 776.625 | J72: 1134 | K72: 173.5625 | L72: 136.5625 | M72: 728.4375 | N72: 897.5625 | O72: 4475.6875 | P72: =SUM(B72:O72) -> 19295.438 | Q72: 1
A73: PCM-84 | B73: 19.375 | C73: 58.375 | D73: 8.4375 | E73: 3.6875 | F73: 1.375 | G73: 23.625 | H73: 18.9375 | I73: 26.0625 | J73: 10.5 | K73: 4.8125 | L73: 6.25 | M73: 0.625 | N73: 14.5 | O73: 12.625 | P73: =SUM(B73:O73) -> 209.1875 | Q73: 12
A74: PPD-45 | B74: 243.9375 | C74: 529.9375 | D74: 487.9375 | E74: 21.625 | F74: 378.0625 | G74: 137 | H74: 40.375 | I74: 176.5 | J74: 281.8125 | K74: 20.3125 | L74: 26.9375 | M74: 173.4375 | N74: 274.3125 | O74: 1540.0625 | P74: =SUM(B74:O74) -> 4332.25 | Q74: 5
A75: PT-98 | B75: 83.625 | C75: 172 | D75: 160.9375 | E75: 683.75 | F75: 14 | G75: 1139.6875 | H75: 1242.4375 | I75: 104.8125 | J75: 2294.0625 | K75: 412.0625 | L75: 11.9375 | M75: 29.5625 | N75: 220.3125 | O75: 306.1875 | P75: =SUM(B75:O75) -> 6875.375 | Q75: 2
A76: STD-02 | B76: 247.5 | C76: 318.3125 | D76: 365.25 | E76: 10 | F76: 217 | G76: 86.875 | H76: 39.5625 | I76: 194.4375 | J76: 79.625 | K76: 14.5 | L76: 19.0625 | M76: 111.25 | N76: 440.4375 | O76: 2621.75 | P76: =SUM(B76:O76) -> 4765.5625 | Q76: 4
A77: TB-44 | B77: 24.75 | C77: 866 | D77: 42.125 | E77: 17.3125 | F77: 88.375 | G77: 17.5625 | H77: 8.6875 | I77: 26.4375 | J77: 101.375 | K77: 4.75 | L77: 28.3125 | M77: 7.5625 | N77: 14.9375 | O77: 1347.5625 | P77: =SUM(B77:O77) -> 2595.75 | Q77: 7
A78: WH-55 | B78: 43.8125 | C78: 408.6875 | D78: 51.9375 | E78: 1.0625 | F78: 46.0625 | G78: 12.375 | H78: 7.5 | I78: 15.5 | J78: 5.25 | K78: 1.8125 | L78: 2.0625 | M78: 5.5 | N78: 14.75 | O78: 47.25 | P78: =SUM(B78:O78) -> 663.5625 | Q78: 10
A79: TRAV-13 | O79: 68
A80: RW-09 | O80: 0.6875
A81: PRENA-88 | O81: 215.1875
A82: ID-07 | O82: 2
A83: Totals | B83: =SUM(B66:B78) -> 3289.625 | C83: =SUM(C66:C78) -> 8180.5 | D83: =SUM(D66:D78) -> 7459.3125 | E83: =SUM(E66:E78) -> 1367.5 | F83: =SUM(F66:F78) -> 2770.625 | G83: =SUM(G66:G78) -> 2279.375 | H83: =SUM(H66:H78) -> 2484.875 | I83: =SUM(I66:I78) -> 2449.125 | ... N83: =SUM(N66:N78) -> 3336.125 | O83: =SUM(O66:O82) -> 14439.562
A85: Population | B85: 23262.733 | C85: 148663.67 | D85: 22617.429 | E85: 3000.8571 | F85: 15850.714 | G85: 8756.5714 | H85: 7844.1429 | I85: 35374.429 | J85: 14101.357 | K85: 1624.5 | L85: 5363.9286 | M85: 9827.4667 | N85: 203088.73 | O85: 203088.73
A86: WIC | B86: 2510.6923 | C86: 6165.2143 | D86: 4494.7692 | E86: 418.23077 | F86: 2227.4615 | G86: 1051.3846 | H86: 674.76923 | I86: 2082.6154 | J86: 1352.3077 | K86: 228.76923 | L86: 568.38462 | M86: 1073.4286 | N86: 9507.6429 | O86: 15496.214
A90: Location | B90: Population
A91: Burke | B91: 23262.733
A92: Columbia | B92: 148663.67
A93: Emanuel | B93: 22617.429
A94: Glascock | B94: 3000.8571
A95: Jefferson | B95: 15850.714
A96: Jenkins | B96: 8756.5714
A97: Lincoln | B97: 7844.1429
A98: McDuffie | B98: 35374.429
A99: Screven | B99: 14101.357
A100: Taliafero | B100: 1624.5
A101: Warren | B101: 5363.9286
A102: Wilkes | B102: 9827.4667
... A104: Richmond (S. Augusta) | B104: 203088.73
